sub_ID,Q8.covid.info,Q9.covid_knowledge,Q10.rank_attention_to_news,Q13_1.trust_doctor_news,Q13_trust_hospital_news,Q13_trust_cdc_news,Q13_trust_government_news,Q14.confidence_us_government,Q16.Belief_scientists_understand_covid,Q17.concerned_outbreak,Q18_likely_to_catch_covid,Q20_ability_to_protect_self,Q21.expected_symptom_severity,Q101.confidence_in_authority,Q23.risk_exaggerated,Q27.wearing_mask,Q35.take_vaccine.,Q40.age,Q41.gender,Q74.education,Q84.community,Q43.health.1.5.,Q39.flu.vaccine,Q44.contact_covid,Q85_pre.exisiting_conditions,Q92.friends.family_preexisiting_conditions
2,A lot,A little,6,FALSE,FALSE,TRUE,FALSE,6,5,A little,29,50,4,46,somewhat disagree,sick people,definitely,30-34,f,doctorate,large city,3,TRUE,unsure,no,no
7,A lot, A moderate amount,8,FALSE,FALSE,TRUE,FALSE,5,6, A moderate amount,40,61,3,60,somewhat disagree,sick people,probably,25-29,f, 4 year degree,large city,3,TRUE,unsure,yes,yes
11,A lot, A moderate amount,7,FALSE,FALSE,FALSE,FALSE,6,5, A moderate amount,81,59,2,34,somewhat disagree,sick people,definitely,20-24,f, 4 year degree,large city,4,TRUE,no,no,yes
14,A lot,A lot,9,FALSE,FALSE,FALSE,FALSE,2,8,A little,37,89,2,10,strongly disagree,sick people,definitely,30-34,f,professional degree,suburb,5,TRUE,unsure,no,no
15, A moderate amount, A moderate amount,5,FALSE,FALSE,TRUE,FALSE,8,7,A little,2,50,2,95,strongly agree,sick people,probably,35-39,m,doctorate,large city,5,TRUE,no,no,yes
18, A moderate amount, A moderate amount,6,FALSE,FALSE,TRUE,FALSE,5,8, A moderate amount,9,82,3,61,somewhat disagree,sick people,probably,45-49,m,doctorate,large city,3,TRUE,no,yes,no
19,A lot, A moderate amount,10,FALSE,FALSE,TRUE,FALSE,7,8,A little,40,50,3,61,somewhat disagree,sick people,definitely,45-49,f,doctorate,small city/town,3,TRUE,no,no,no
23,A lot,A lot,9,FALSE,FALSE,TRUE,FALSE,3,8, A moderate amount,60,70,3,50,strongly disagree,sick people,definitely,35-39,m,doctorate,large city,4,TRUE,unsure,no,unsure
24,A lot, A moderate amount,6,FALSE,FALSE,TRUE,FALSE,3,6,A little,75,30,3,35,somewhat disagree,sick people,definitely,18-19,f,some college,suburb,3,TRUE,unsure,no,no
28,A lot,A lot,8,FALSE,FALSE,FALSE,FALSE,4,7,A lot,78,38,3,30,strongly disagree,sick people,definitely,30-34,f,doctorate,large city,5,TRUE,no,no,no
29,A lot, A moderate amount,9,TRUE,FALSE,TRUE,FALSE,1,7,A little,5,75,2,31,somewhat disagree,sick people,definitely,45-49,m,professional degree,small city/town,5,TRUE,no,no,no
30,A lot, A moderate amount,7,FALSE,TRUE,TRUE,FALSE,3,5, A moderate amount,85,70,3,80,strongly agree,sick people,probably,30-34,f,professional degree,suburb,5,TRUE,yes,no,yes
33,A lot, A moderate amount,9,TRUE,FALSE,TRUE,FALSE,1,7, A moderate amount,35,85,3,50,somewhat disagree,sick people,unsure,55-59,m,doctorate,suburb,4,FALSE,no,yes,no
36,A lot,A lot,10,FALSE,FALSE,FALSE,FALSE,1,9,A little,50,80,4,10,strongly disagree,sick people,definitely,55-59,m,doctorate,suburb,5,FALSE,unsure,yes,yes
40, A moderate amount,A little,7,FALSE,FALSE,TRUE,FALSE,1,6,A little,70,70,3,40,strongly disagree,sick people,definitely,30-34,f,professional degree,suburb,4,TRUE,no,no,yes
42,A lot, A moderate amount,9,FALSE,FALSE,TRUE,FALSE,6,7,A little,68,80,3,76,strongly disagree,sick people,definitely,60-64,m,doctorate,large city,4,TRUE,no,yes,unsure
45, A moderate amount,A little,4,FALSE,FALSE,TRUE,FALSE,4,5,A little,75,57,4,53,strongly disagree,everyone,definitely,20-24,m,some college,suburb,3,FALSE,no,no,unsure
51, A moderate amount, A moderate amount,7,FALSE,FALSE,FALSE,FALSE,4,7,A little,50,50,3,30,somewhat disagree,sick people,definitely,45-49,f, 4 year degree,suburb,3,TRUE,unsure,no,no
53,A lot,A lot,9,FALSE,FALSE,FALSE,FALSE,6,8, A moderate amount,60,90,2,30,strongly disagree,sick people,definitely,30-34,f,doctorate,suburb,5,FALSE,unsure,no,no
54, A moderate amount,A little,7,FALSE,FALSE,TRUE,FALSE,4,7, A moderate amount,40,81,3,30,somewhat disagree,sick people,probably,35-39,f,professional degree,suburb,2,TRUE,no,yes,yes
56,A lot, A moderate amount,10,FALSE,FALSE,TRUE,FALSE,1,8, A moderate amount,53,63,3,12,strongly disagree,sick people,definitely,45-49,f,doctorate,large city,5,TRUE,unsure,no,yes
57,A lot, A moderate amount,8,FALSE,FALSE,TRUE,FALSE,2,8, A moderate amount,80,61,3,70,strongly disagree,no one/no mask evidence,probably,35-39,m,doctorate,small city/town,3,FALSE,no,no,yes
58,A lot,A lot,8,FALSE,FALSE,FALSE,FALSE,4,7, A moderate amount,65,90,3,84,somewhat disagree,sick people,probably,50-54,f,doctorate,small city/town,5,FALSE,unsure,no,no
59,A lot, A moderate amount,7,FALSE,FALSE,TRUE,FALSE,3,8,A little,30,80,3,70,somewhat disagree,sick people,probably,45-49,f,doctorate,suburb,4,TRUE,unsure,no,unsure
62,A lot,A lot,9,FALSE,FALSE,FALSE,FALSE,4,6,Not at all,30,58,3,38,somewhat disagree,sick people,definitely,30-34,m,doctorate,small city/town,4,TRUE,no,no,unsure
63,A lot, A moderate amount,7,FALSE,FALSE,TRUE,FALSE,1,7, A moderate amount,5,66,2,78,strongly agree,sick people,defintely not,60-64,f,highschool graduate,large city,4,FALSE,no,no,no
64,A lot,A lot,8,FALSE,FALSE,FALSE,FALSE,2,8,A little,20,79,2,49,somewhat disagree,sick people,probably,40-44,f,professional degree,large city,3,FALSE,no,no,no
65, A moderate amount, A moderate amount,7,FALSE,FALSE,TRUE,FALSE,5,6, A moderate amount,40,50,2,30,somewhat disagree,sick people,probably_not,50-54,f, 4 year degree,large city,4,FALSE,no,no,no
66,A lot,A little,9,FALSE,FALSE,TRUE,FALSE,2,9, A moderate amount,30,80,3,35,strongly disagree,sick people,probably,45-49,m,doctorate,suburb,3,TRUE,no,no,no
69,A lot,A little,10,FALSE,FALSE,TRUE,FALSE,2,2,A little,50,49,2,48,somewhat disagree,sick people,unsure,40-44,f,highschool graduate,suburb,3,TRUE,yes,no,yes
70,A little,A little,2,TRUE,TRUE,TRUE,TRUE,4,2, A moderate amount,14,18,3,26,strongly agree,everyone,definitely,18-19,f,2 year degree,small city/town,4,FALSE,no,unsure,unsure
71, A moderate amount, A moderate amount,8,TRUE,FALSE,TRUE,FALSE,0,7,A little,85,70,3,10,somewhat disagree,sick people,probably_not,40-44,f,doctorate,suburb,2,FALSE,unsure,yes,yes
75,A lot, A moderate amount,3,FALSE,FALSE,TRUE,FALSE,7,6,A little,20,70,2,65,strongly agree,sick people,definitely,65-69,m,2 year degree,small city/town,4,TRUE,no,unsure,no
76,A lot,A lot,6,FALSE,FALSE,TRUE,FALSE,6,7, A moderate amount,10,70,2,45,strongly agree,sick people,definitely,18-19,f,some college,small city/town,3,FALSE,no,no,yes
77, A moderate amount, A moderate amount,8,TRUE,FALSE,TRUE,FALSE,4,7, A moderate amount,19,80,3,50,strongly disagree,sick people,definitely,30-34,f,doctorate,large city,5,FALSE,no,no,yes
81, A moderate amount, A moderate amount,7,FALSE,FALSE,TRUE,TRUE,4,6,A little,60,75,4,40,somewhat disagree,everyone,probably,18-19,m,highschool graduate,small city/town,3,TRUE,no,yes,yes
89,A lot, A moderate amount,9,FALSE,FALSE,FALSE,FALSE,7,8,A lot,65,65,2,50,strongly disagree,sick people,definitely,35-39,m, 4 year degree,suburb,4,TRUE,no,no,yes
94,A lot, A moderate amount,7,FALSE,FALSE,FALSE,FALSE,1,6, A moderate amount,71,60,3,30,strongly disagree,sick people,definitely,35-39,f,doctorate,suburb,3,TRUE,no,unsure,unsure
95, A moderate amount, A moderate amount,7,FALSE,FALSE,FALSE,FALSE,4,6, A moderate amount,60,70,2,60,somewhat disagree,everyone,definitely,20-24,m,some college,suburb,4,FALSE,no,no,unsure
96,A lot,A lot,10,FALSE,FALSE,TRUE,FALSE,6,5, A moderate amount,52,40,3,80,strongly disagree,sick people,probably,25-29,m,some college,small city/town,3,FALSE,unsure,no,no
97,A little,A little,3,FALSE,FALSE,TRUE,FALSE,0,5, A moderate amount,78,31,4,0,strongly disagree,no one/no mask evidence,definitely,20-24,m,some college,suburb,3,FALSE,unsure,no,yes
98, A moderate amount, A moderate amount,5,FALSE,FALSE,TRUE,FALSE,3,5, A moderate amount,21,40,2,29,strongly agree,sick people,probably_not,20-24,f,some college,suburb,2,FALSE,unsure,no,no
101,A lot,A lot,10,FALSE,FALSE,FALSE,FALSE,2,3, A moderate amount,76,70,2,21,strongly disagree,everyone,probably,20-24,f, 4 year degree,small city/town,4,TRUE,no,no,yes
102,A lot,A lot,10,FALSE,FALSE,FALSE,FALSE,0,3,A little,5,60,3,1,strongly disagree,sick people,probably,30-34,m, 4 year degree,large city,4,FALSE,no,no,no
109, A moderate amount, A moderate amount,7,FALSE,FALSE,TRUE,FALSE,2,6,Not at all,51,73,1,50,strongly disagree,sick people,definitely,30-34,f,doctorate,large city,3,TRUE,no,no,yes
115,A lot, A moderate amount,7,FALSE,FALSE,TRUE,TRUE,4,6, A moderate amount,15,64,2,0,somewhat disagree,sick people,definitely,18-19,f,some college,small city/town,3,FALSE,no,no,no
122,A lot,A lot,10,FALSE,FALSE,TRUE,FALSE,5,1,A little,50,100,2,9,somewhat disagree,sick people,unsure,25-29,f, 4 year degree,suburb,4,FALSE,no,no,yes
123,A lot,A little,5,FALSE,FALSE,TRUE,FALSE,5,8,A little,19,73,3,26,strongly agree,sick people,probably,20-24,f,some college,suburb,2,FALSE,no,unsure,no
129, A moderate amount,A little,7,FALSE,FALSE,TRUE,FALSE,6,5, A moderate amount,10,70,5,80,somewhat disagree,everyone,probably_not,25-29,f,some college,suburb,4,FALSE,no,no,no
130, A moderate amount, A moderate amount,7,FALSE,FALSE,TRUE,FALSE,1,5,A little,50,50,3,30,strongly disagree,sick people,probably,20-24,m, 4 year degree,suburb,4,FALSE,no,no,unsure
136, A moderate amount,A little,3,FALSE,FALSE,TRUE,FALSE,5,5,A lot,75,70,3,60,somewhat disagree,sick people,unsure,25-29,f,some college,rural area,2,FALSE,unsure,yes,no
137,A lot,A lot,8,TRUE,FALSE,FALSE,TRUE,5,10, A moderate amount,92,50,3,35,strongly disagree,sick people,definitely,20-24,f,some college,suburb,1,TRUE,no,yes,no
143,A lot,A lot,10,FALSE,TRUE,TRUE,FALSE,0,10,A lot,80,100,2,100,strongly agree,sick people,definitely,35-39,f,some college,large city,4,TRUE,yes,no,prefer not to say
145,A lot, A moderate amount,9,FALSE,FALSE,TRUE,FALSE,0,1,A lot,2,72,3,0,somewhat disagree,sick people,definitely,20-24,f,some college,suburb,3,FALSE,no,no,yes
146,A lot,A little,8,FALSE,FALSE,FALSE,FALSE,1,6,A little,40,72,2,26,strongly disagree,sick people,definitely,25-29,f,professional degree,small city/town,4,TRUE,no,no,yes
148,A lot, A moderate amount,7,TRUE,FALSE,TRUE,FALSE,8,8, A moderate amount,19,81,5,86,somewhat disagree,sick people,definitely,18-19,f,highschool graduate,suburb,2,TRUE,no,yes,no
154,A lot,A lot,10,FALSE,FALSE,FALSE,FALSE,2,6, A moderate amount,86,60,2,8,strongly disagree,sick people,definitely,40-44,f,doctorate,small city/town,4,TRUE,no,no,yes
155,A lot,A little,5,FALSE,FALSE,FALSE,FALSE,1,4, A moderate amount,50,30,2,40,strongly agree,sick people,probably_not,25-29,f, 4 year degree,suburb,2,FALSE,no,no,unsure
157,A lot, A moderate amount,10,FALSE,FALSE,TRUE,TRUE,8,5,A lot,57,50,3,12,strongly disagree,sick people,definitely,20-24,f, 4 year degree,suburb,3,TRUE,no,no,yes
158,A lot,A lot,10,FALSE,FALSE,FALSE,FALSE,1,7,A little,100,50,2,50,strongly disagree,sick people,definitely,35-39,m,doctorate,suburb,4,TRUE,yes,no,yes
160, A moderate amount, A moderate amount,9,FALSE,FALSE,TRUE,FALSE,8,5, A moderate amount,5,90,2,65,strongly agree,sick people,probably,20-24,m,highschool graduate,small city/town,4,FALSE,unsure,no,yes
163, A moderate amount,A little,5,FALSE,FALSE,TRUE,FALSE,0,6,A little,11,74,2,11,somewhat disagree,sick people,probably,18-19,f,some college,suburb,3,TRUE,no,no,yes
171,A lot, A moderate amount,10,TRUE,TRUE,TRUE,TRUE,10,9, A moderate amount,93,81,5,92,strongly disagree,sick people,definitely,20-24,f, 4 year degree,suburb,3,TRUE,unsure,yes,yes
173, A moderate amount, A moderate amount,7,FALSE,FALSE,TRUE,FALSE,10,5, A moderate amount,1,95,2,19,somewhat disagree,sick people,probably,35-39,f,doctorate,suburb,4,FALSE,no,no,no
174, A moderate amount, A moderate amount,6,FALSE,FALSE,TRUE,FALSE,5,9,A little,55,55,3,61,somewhat disagree,sick people,definitely,35-39,m,doctorate,large city,3,TRUE,unsure,no,yes
180,A lot, A moderate amount,8,FALSE,FALSE,TRUE,FALSE,6,9, A moderate amount,71,73,3,67,strongly disagree,sick people,definitely,50-54,f,doctorate,large city,5,FALSE,unsure,no,yes
181,A lot, A moderate amount,7,FALSE,FALSE,TRUE,FALSE,7,8, A moderate amount,69,58,3,36,strongly disagree,sick people,definitely,30-34,f,professional degree,small city/town,3,TRUE,no,no,yes
182,A lot, A moderate amount,8,FALSE,FALSE,FALSE,FALSE,4,6,A lot,40,71,2,50,strongly disagree,sick people,probably,25-29,m,doctorate,small city/town,4,FALSE,no,no,yes
183,A lot, A moderate amount,7,FALSE,FALSE,TRUE,FALSE,3,2,A lot,40,60,3,10,strongly disagree,sick people,definitely,20-24,f,some college,suburb,4,TRUE,no,no,yes
187,A lot,A lot,10,FALSE,FALSE,TRUE,FALSE,0,5,A lot,80,100,4,0,strongly disagree,sick people,definitely,40-44,f,professional degree,rural area,3,TRUE,no,yes,no
188,A lot, A moderate amount,6,FALSE,FALSE,FALSE,FALSE,3,5, A moderate amount,70,70,3,30,strongly disagree,sick people,definitely,25-29,f,professional degree,rural area,3,TRUE,unsure,yes,yes
189, A moderate amount, A moderate amount,8,FALSE,FALSE,TRUE,FALSE,2,5,A lot,90,71,3,48,strongly disagree,sick people,definitely,30-34,m,professional degree,small city/town,4,TRUE,no,no,yes
190,A lot,A lot,8,FALSE,FALSE,TRUE,FALSE,5,7, A moderate amount,98,99,3,85,strongly disagree,sick people,definitely,40-44,f,professional degree,large city,3,TRUE,unsure,yes,yes
192, A moderate amount, A moderate amount,7,FALSE,FALSE,TRUE,FALSE,7,7,A little,0,100,1,50,strongly disagree,sick people,unsure,45-49,f, 4 year degree,suburb,5,FALSE,unsure,no,yes
193,A lot,A little,5,FALSE,FALSE,FALSE,FALSE,1,6,A little,61,60,2,81,strongly agree,sick people,defintely not,25-29,f, 4 year degree,small city/town,3,FALSE,yes,no,unsure
194, A moderate amount, A moderate amount,6,FALSE,FALSE,TRUE,FALSE,2,7, A moderate amount,28,61,4,39,somewhat disagree,sick people,probably,35-39,f,professional degree,small city/town,4,FALSE,unsure,no,yes
196,A lot, A moderate amount,10,TRUE,FALSE,TRUE,FALSE,5,6,Not at all,80,65,2,50,somewhat disagree,sick people,probably,30-34,f,doctorate,large city,3,TRUE,no,no,yes
199,A lot, A moderate amount,8,FALSE,FALSE,TRUE,FALSE,3,7, A moderate amount,30,65,3,55,strongly disagree,sick people,definitely,20-24,f,professional degree,large city,3,TRUE,no,no,yes
202,A lot,A little,8,FALSE,FALSE,FALSE,FALSE,5,7, A moderate amount,50,100,3,90,strongly disagree,sick people,probably,35-39,f,professional degree,suburb,5,TRUE,unsure,no,yes
203, A moderate amount,A little,4,TRUE,FALSE,TRUE,FALSE,0,4,A little,30,80,3,20,somewhat disagree,everyone,definitely,20-24,f,professional degree,small city/town,4,TRUE,no,no,yes
204, A moderate amount, A moderate amount,7,FALSE,FALSE,TRUE,FALSE,3,4, A moderate amount,60,71,2,66,somewhat disagree,sick people,definitely,18-19,f,some college,small city/town,3,TRUE,yes,no,unsure
207,A lot, A moderate amount,9,FALSE,FALSE,TRUE,FALSE,7,9, A moderate amount,76,86,3,35,strongly disagree,sick people,definitely,18-19,m,some college,large city,4,TRUE,no,yes,yes
209,A lot, A moderate amount,7,FALSE,FALSE,TRUE,FALSE,6,8, A moderate amount,58,63,2,79,somewhat disagree,sick people,probably,30-34,f, 4 year degree,large city,3,FALSE,no,no,yes
210,A lot, A moderate amount,10,FALSE,FALSE,FALSE,FALSE,4,4,A lot,60,49,2,50,somewhat disagree,sick people,probably,50-54,f,doctorate,small city/town,5,FALSE,no,no,no
211,A lot, A moderate amount,8,FALSE,FALSE,FALSE,FALSE,2,5,A little,60,61,3,30,strongly disagree,sick people,probably,45-49,f,doctorate,small city/town,4,FALSE,yes,yes,yes
213, A moderate amount,A little,2,FALSE,FALSE,TRUE,FALSE,5,4, A moderate amount,8,98,2,68,somewhat disagree,sick people,definitely,18-19,m,some college,large city,4,TRUE,yes,no,no
215,A lot, A moderate amount,7,FALSE,FALSE,FALSE,FALSE,2,8,A lot,51,84,3,41,somewhat disagree,sick people,definitely,55-59,m,2 year degree,small city/town,3,TRUE,no,no,no
216,A lot, A moderate amount,8,FALSE,FALSE,TRUE,FALSE,5,8, A moderate amount,65,30,2,77,somewhat disagree,sick people,definitely,30-34,f,doctorate,small city/town,4,FALSE,no,no,yes
217, A moderate amount, A moderate amount,6,FALSE,FALSE,TRUE,FALSE,5,7,A lot,85,95,2,20,somewhat disagree,sick people,unsure,45-49,f,professional degree,suburb,3,FALSE,no,yes,yes
218,A lot, A moderate amount,9,TRUE,TRUE,TRUE,FALSE,0,4, A moderate amount,85,55,3,16,strongly disagree,sick people,probably,30-34,m,doctorate,large city,3,FALSE,unsure,unsure,unsure
220,A lot, A moderate amount,8,TRUE,FALSE,FALSE,FALSE,6,1,A little,10,95,2,5,strongly agree,sick people,probably,60-64,m,some college,suburb,4,FALSE,no,no,no
221, A moderate amount, A moderate amount,6,FALSE,FALSE,TRUE,FALSE,3,5,A little,20,50,3,60,strongly agree,sick people,probably,30-34,f,professional degree,suburb,4,FALSE,no,no,yes
222,A lot, A moderate amount,7,FALSE,FALSE,FALSE,FALSE,0,6, A moderate amount,50,90,3,50,strongly disagree,sick people,definitely,35-39,f, 4 year degree,small city/town,4,TRUE,no,no,yes
223,A lot,A lot,9,FALSE,FALSE,FALSE,FALSE,2,7,Not at all,66,75,3,20,strongly disagree,sick people,definitely,30-34,m,professional degree,suburb,4,TRUE,no,no,unsure
230,A lot, A moderate amount,8,FALSE,FALSE,TRUE,FALSE,1,5,A little,25,60,2,40,strongly disagree,sick people,definitely,25-29,f, 4 year degree,large city,4,FALSE,unsure,no,yes
231,A lot, A moderate amount,8,FALSE,FALSE,FALSE,FALSE,5,8,A lot,75,33,2,37,strongly disagree,sick people,definitely,20-24,f,some college,small city/town,5,TRUE,no,no,yes
232,A lot, A moderate amount,9,FALSE,FALSE,FALSE,FALSE,2,3, A moderate amount,75,80,2,10,strongly disagree,sick people,probably,35-39,m,doctorate,suburb,5,TRUE,unsure,no,yes
234, A moderate amount,A little,3,FALSE,FALSE,FALSE,FALSE,4,3,A lot,5,92,2,11,strongly agree,sick people,probably_not,25-29,f,2 year degree,suburb,3,FALSE,no,yes,yes
235,A lot, A moderate amount,8,FALSE,FALSE,FALSE,FALSE,5,6,A lot,70,74,3,50,strongly disagree,sick people,probably,30-34,f, 4 year degree,small city/town,3,FALSE,no,no,unsure
240,A lot,A lot,9,FALSE,FALSE,TRUE,FALSE,5,6,A lot,51,76,1,42,strongly agree,everyone,definitely,18-19,m,highschool graduate,suburb,4,TRUE,no,no,yes
241,A lot, A moderate amount,10,FALSE,FALSE,TRUE,FALSE,4,9, A moderate amount,48,84,4,51,somewhat disagree,sick people,definitely,18-19,f,2 year degree,large city,2,FALSE,no,no,no
243,A lot, A moderate amount,8,FALSE,FALSE,TRUE,FALSE,3,7,A lot,69,89,5,18,strongly disagree,sick people,definitely,25-29,f,doctorate,small city/town,2,TRUE,no,yes,yes
244, A moderate amount, A moderate amount,9,FALSE,FALSE,TRUE,FALSE,1,9, A moderate amount,52,86,4,42,strongly disagree,sick people,definitely,60-64,f,some college,suburb,2,TRUE,no,yes,yes
245,A lot, A moderate amount,7,FALSE,FALSE,FALSE,FALSE,2,7,A little,22,73,4,21,somewhat disagree,sick people,probably,25-29,f,professional degree,suburb,3,FALSE,no,no,yes
247, A moderate amount, A moderate amount,7,FALSE,FALSE,FALSE,FALSE,2,6, A moderate amount,35,67,3,31,strongly disagree,sick people,definitely,35-39,f,doctorate,suburb,4,TRUE,no,no,no
249, A moderate amount, A moderate amount,7,FALSE,FALSE,TRUE,FALSE,3,7, A moderate amount,70,40,2,5,somewhat disagree,sick people,definitely,35-39,f,doctorate,suburb,5,TRUE,no,no,no
250,A lot, A moderate amount,9,FALSE,FALSE,TRUE,FALSE,3,8, A moderate amount,21,95,2,40,strongly disagree,sick people,definitely,60-64,f,doctorate,rural area,5,TRUE,no,no,no
251,A lot,A little,7,FALSE,FALSE,TRUE,FALSE,2,5,A lot,65,50,3,0,strongly disagree,sick people,probably,25-29,f, 4 year degree,small city/town,2,TRUE,no,yes,no
252,A lot,A lot,8,TRUE,FALSE,TRUE,FALSE,1,5,A little,51,70,2,15,strongly disagree,sick people,definitely,35-39,f,doctorate,small city/town,3,TRUE,no,yes,yes
254,A lot, A moderate amount,5,FALSE,FALSE,TRUE,FALSE,2,6, A moderate amount,30,100,2,50,somewhat disagree,sick people,probably_not,25-29,f, 4 year degree,suburb,4,FALSE,no,no,no
256,A lot, A moderate amount,8,FALSE,FALSE,TRUE,FALSE,5,5,A lot,50,50,2,43,strongly disagree,sick people,definitely,20-24,f,some college,suburb,3,FALSE,no,no,yes
258,A lot,A lot,8,FALSE,FALSE,TRUE,FALSE,10,8,A little,75,100,3,65,somewhat disagree,sick people,definitely,20-24,m,some college,suburb,4,TRUE,no,no,yes
260,A lot, A moderate amount,9,FALSE,FALSE,FALSE,FALSE,2,9, A moderate amount,70,70,3,10,strongly agree,sick people,definitely,55-59,f,doctorate,suburb,4,TRUE,no,no,yes
264,A lot,A little,7,TRUE,TRUE,FALSE,FALSE,0,6, A moderate amount,33,70,3,41,strongly disagree,sick people,probably,20-24,f, 4 year degree,suburb,3,TRUE,unsure,no,no
266,A lot,A lot,10,FALSE,FALSE,TRUE,FALSE,4,6,A little,35,90,2,50,strongly disagree,sick people,definitely,20-24,f,professional degree,large city,5,TRUE,no,no,yes
269,A lot,A lot,8,TRUE,TRUE,TRUE,FALSE,1,3, A moderate amount,75,88,3,30,strongly disagree,sick people,definitely,20-24,f,some college,suburb,4,TRUE,unsure,yes,yes
271,A lot, A moderate amount,8,FALSE,FALSE,TRUE,FALSE,4,2,A little,90,70,2,10,somewhat disagree,sick people,definitely,18-19,f,some college,suburb,4,TRUE,no,no,yes
273,A lot, A moderate amount,6,FALSE,FALSE,FALSE,FALSE,2,6,A lot,10,94,2,40,strongly disagree,sick people,definitely,20-24,f,some college,suburb,3,TRUE,no,no,no
274, A moderate amount, A moderate amount,7,FALSE,FALSE,TRUE,FALSE,3,6, A moderate amount,56,70,4,55,somewhat disagree,everyone,definitely,18-19,nb,some college,rural area,2,TRUE,no,yes,yes
278,A lot, A moderate amount,4,FALSE,FALSE,TRUE,FALSE,2,8,A lot,8,92,3,71,somewhat disagree,everyone,definitely,20-24,f,highschool graduate,suburb,4,TRUE,unsure,no,no
280,A lot, A moderate amount,9,FALSE,FALSE,FALSE,FALSE,4,7, A moderate amount,82,51,3,51,strongly disagree,sick people,probably,20-24,m,some college,large city,3,FALSE,unsure,unsure,yes
281,A lot, A moderate amount,9,TRUE,FALSE,TRUE,FALSE,0,7,A little,52,84,3,83,somewhat disagree,sick people,definitely,40-44,f,doctorate,suburb,4,TRUE,no,no,no
283, A moderate amount, A moderate amount,7,FALSE,FALSE,TRUE,FALSE,5,8, A moderate amount,51,70,4,50,somewhat disagree,sick people,definitely,40-44,f,doctorate,small city/town,4,FALSE,no,no,yes
288,A lot,A little,8,FALSE,FALSE,TRUE,FALSE,7,6, A moderate amount,61,81,2,30,strongly disagree,sick people,definitely,20-24,f, 4 year degree,small city/town,3,TRUE,no,no,unsure
291,A lot, A moderate amount,7,FALSE,FALSE,TRUE,FALSE,2,8,A lot,80,100,3,66,strongly disagree,sick people,definitely,20-24,m,2 year degree,suburb,2,FALSE,no,yes,yes
292, A moderate amount, A moderate amount,9,FALSE,FALSE,TRUE,FALSE,8,5, A moderate amount,63,83,3,61,somewhat disagree,sick people,probably,60-64,f,some college,suburb,3,TRUE,no,yes,yes
294,A lot, A moderate amount,8,FALSE,FALSE,TRUE,FALSE,1,4,A little,91,50,2,2,somewhat disagree,sick people,definitely,45-49,f,doctorate,suburb,5,TRUE,unsure,no,yes
296, A moderate amount, A moderate amount,7,FALSE,FALSE,TRUE,FALSE,5,5,Not at all,22,63,3,35,strongly disagree,sick people,definitely,35-39,f,professional degree,suburb,5,TRUE,no,no,yes
298, A moderate amount,A little,7,FALSE,FALSE,FALSE,FALSE,4,6,A little,50,70,3,40,somewhat disagree,everyone,definitely,25-29,m, 4 year degree,suburb,3,FALSE,unsure,yes,yes
300,A lot,A lot,10,FALSE,FALSE,TRUE,FALSE,3,7,A lot,71,91,2,10,strongly disagree,everyone,definitely,18-19,f,some college,suburb,3,TRUE,no,no,no
301, A moderate amount, A moderate amount,8,FALSE,FALSE,TRUE,FALSE,6,7, A moderate amount,80,55,3,60,strongly disagree,sick people,probably,60-64,f,some college,small city/town,2,FALSE,no,yes,yes
302,A lot,A little,5,TRUE,TRUE,TRUE,FALSE,3,5, A moderate amount,51,73,3,42,somewhat disagree,sick people,definitely,25-29,f,professional degree,small city/town,4,FALSE,no,no,unsure
303,A lot, A moderate amount,7,FALSE,FALSE,TRUE,FALSE,0,3, A moderate amount,90,35,3,20,somewhat disagree,sick people,unsure,20-24,f, 4 year degree,rural area,3,Unsure,yes,no,unsure
304, A moderate amount, A moderate amount,6,TRUE,TRUE,TRUE,FALSE,8,6,A lot,70,40,3,70,somewhat disagree,sick people,definitely,35-39,m, 4 year degree,suburb,3,TRUE,no,no,yes
305, A moderate amount, A moderate amount,7,FALSE,FALSE,TRUE,FALSE,5,4,A lot,70,70,4,70,somewhat disagree,sick people,definitely,70-74,m,doctorate,small city/town,3,TRUE,no,yes,yes
306,A lot, A moderate amount,7,FALSE,FALSE,FALSE,FALSE,0,3, A moderate amount,71,63,3,22,strongly disagree,sick people,definitely,40-44,f,doctorate,large city,3,TRUE,no,no,no
307, A moderate amount, A moderate amount,7,FALSE,FALSE,TRUE,FALSE,1,9, A moderate amount,100,80,2,80,somewhat disagree,sick people,definitely,20-24,m,highschool graduate,suburb,3,TRUE,unsure,no,no
308, A moderate amount, A moderate amount,7,TRUE,FALSE,FALSE,FALSE,3,7,A lot,80,64,2,27,strongly disagree,sick people,definitely,45-49,nb,doctorate,large city,4,TRUE,no,no,yes
312,A lot, A moderate amount,9,FALSE,FALSE,TRUE,FALSE,3,5, A moderate amount,63,59,4,34,strongly disagree,everyone,definitely,55-59,m,doctorate,suburb,4,TRUE,unsure,no,yes
315,A lot,A lot,10,FALSE,FALSE,FALSE,FALSE,3,7,A little,51,72,2,10,strongly disagree,sick people,definitely,40-44,f,doctorate,large city,4,TRUE,no,no,yes
318,A lot, A moderate amount,8,FALSE,FALSE,TRUE,FALSE,3,8, A moderate amount,50,60,3,50,somewhat disagree,sick people,probably,45-49,f,doctorate,suburb,3,FALSE,unsure,yes,yes
322,A lot, A moderate amount,9,FALSE,FALSE,TRUE,FALSE,2,5, A moderate amount,50,80,3,20,somewhat disagree,sick people,probably,40-44,f,some college,suburb,4,FALSE,no,no,yes
323,A lot,A lot,10,FALSE,FALSE,TRUE,FALSE,5,8,A lot,31,79,2,72,strongly disagree,sick people,probably,50-54,f,doctorate,suburb,4,TRUE,no,no,yes
324,A lot, A moderate amount,9,FALSE,FALSE,FALSE,FALSE,0,5,A little,50,70,2,0,strongly disagree,everyone,definitely,40-44,f,doctorate,large city,3,FALSE,no,no,yes
327,A lot,A little,9,FALSE,FALSE,FALSE,FALSE,6,4,A little,48,50,4,24,somewhat disagree,sick people,unsure,40-44,f,some college,rural area,3,FALSE,no,no,yes
330, A moderate amount, A moderate amount,6,FALSE,FALSE,TRUE,FALSE,5,6,A little,20,43,3,12,somewhat disagree,sick people,definitely,40-44,f,2 year degree,suburb,5,TRUE,no,no,no
332,A lot, A moderate amount,6,FALSE,FALSE,TRUE,TRUE,8,6,A little,20,69,3,53,strongly disagree,sick people,definitely,18-19,f,some college,large city,3,FALSE,no,no,yes
340, A moderate amount, A moderate amount,7,FALSE,FALSE,TRUE,FALSE,0,7,A lot,11,31,2,68,strongly disagree,sick people,definitely,30-34,f, 4 year degree,suburb,3,TRUE,no,no,unsure
345,A lot, A moderate amount,8,FALSE,FALSE,TRUE,FALSE,3,8,A little,30,90,3,70,somewhat disagree,no one/no mask evidence,probably,50-54,f, 4 year degree,suburb,5,FALSE,no,no,yes
347,A lot,A little,5,FALSE,FALSE,FALSE,FALSE,5,5, A moderate amount,5,80,2,70,strongly agree,no one/no mask evidence,probably,40-44,f,professional degree,suburb,5,FALSE,no,no,no
348,A lot, A moderate amount,9,FALSE,FALSE,TRUE,FALSE,1,7,A little,61,74,3,25,strongly disagree,sick people,definitely,50-54,f,some college,suburb,3,TRUE,no,yes,yes
356,A lot,A lot,8,FALSE,FALSE,TRUE,FALSE,8,8,A little,3,80,3,50,strongly disagree,sick people,definitely,45-49,m,doctorate,large city,4,TRUE,no,no,no
357,A lot, A moderate amount,6,FALSE,FALSE,TRUE,FALSE,1,7,A lot,83,81,2,70,somewhat disagree,sick people,definitely,35-39,f, 4 year degree,small city/town,5,FALSE,no,no,no
358,A lot, A moderate amount,7,FALSE,FALSE,FALSE,FALSE,1,5, A moderate amount,40,70,3,7,strongly disagree,sick people,definitely,30-34,f,doctorate,small city/town,3,TRUE,no,no,yes
361,A lot, A moderate amount,10,FALSE,FALSE,TRUE,FALSE,0,8, A moderate amount,90,30,3,20,strongly disagree,sick people,definitely,45-49,f,2 year degree,suburb,4,TRUE,unsure,no,yes
362,A little,A little,2,TRUE,FALSE,FALSE,FALSE,0,5,A lot,50,100,4,2,strongly agree,sick people,defintely not,20-24,f,some college,large city,3,FALSE,unsure,no,yes
364,A little, A moderate amount,3,FALSE,FALSE,TRUE,FALSE,4,3, A moderate amount,100,62,2,34,somewhat disagree,everyone,probably,20-24,m,some college,suburb,3,TRUE,yes,no,yes
365, A moderate amount, A moderate amount,7,FALSE,FALSE,TRUE,FALSE,3,5,A little,60,51,3,29,somewhat disagree,sick people,definitely,25-29,f, 4 year degree,small city/town,3,TRUE,no,no,no
368,A lot, A moderate amount,8,TRUE,FALSE,TRUE,FALSE,3,9, A moderate amount,67,90,3,31,somewhat disagree,sick people,definitely,50-54,f,doctorate,suburb,4,TRUE,no,no,yes
369, A moderate amount, A moderate amount,7,FALSE,FALSE,TRUE,FALSE,4,6, A moderate amount,49,85,2,50,somewhat disagree,sick people,definitely,40-44,f,professional degree,suburb,4,FALSE,no,no,yes
374,A lot, A moderate amount,10,FALSE,FALSE,TRUE,FALSE,6,7, A moderate amount,69,90,4,29,somewhat disagree,sick people,definitely,70-74,f,2 year degree,rural area,4,TRUE,no,yes,yes
380, A moderate amount, A moderate amount,8,FALSE,FALSE,TRUE,FALSE,2,6,A little,47,85,2,8,strongly disagree,sick people,definitely,35-39,f,highschool graduate,suburb,3,FALSE,unsure,no,yes
415,A lot, A moderate amount,8,FALSE,FALSE,TRUE,FALSE,7,7,A little,5,83,2,28,somewhat disagree,sick people,unsure,20-24,f,highschool graduate,suburb,4,FALSE,no,no,no
416, A moderate amount,A little,3,FALSE,FALSE,FALSE,FALSE,7,8,A little,29,61,2,81,strongly agree,sick people,probably,60-64,f, 4 year degree,rural area,3,FALSE,no,yes,no
419,A lot, A moderate amount,8,FALSE,FALSE,FALSE,FALSE,0,5, A moderate amount,10,95,2,55,strongly disagree,no one/no mask evidence,definitely,40-44,f,doctorate,suburb,5,TRUE,no,no,yes
424,A lot, A moderate amount,7,FALSE,FALSE,TRUE,FALSE,2,5, A moderate amount,61,61,3,20,strongly disagree,sick people,definitely,50-54,m,doctorate,small city/town,5,TRUE,no,no,yes
426, A moderate amount, A moderate amount,7,TRUE,FALSE,TRUE,FALSE,2,6, A moderate amount,70,70,3,29,strongly disagree,sick people,definitely,35-39,f,doctorate,large city,3,TRUE,no,no,yes
427,A lot, A moderate amount,8,FALSE,FALSE,TRUE,FALSE,4,9, A moderate amount,85,100,3,66,strongly disagree,sick people,definitely,18-19,m,highschool graduate,small city/town,3,TRUE,unsure,no,no
428,A lot,A lot,8,FALSE,FALSE,TRUE,FALSE,2,7,A lot,33,80,2,20,strongly disagree,sick people,definitely,18-19,m,less than highschool,suburb,3,TRUE,no,no,yes
432, A moderate amount, A moderate amount,4,TRUE,TRUE,TRUE,FALSE,2,8,A lot,68,81,5,50,somewhat disagree,sick people,definitely,18-19,f,some college,small city/town,1,TRUE,no,yes,yes
433,A lot, A moderate amount,10,TRUE,TRUE,TRUE,FALSE,2,4, A moderate amount,100,90,3,9,strongly disagree,sick people,definitely,18-19,f,some college,small city/town,3,TRUE,unsure,no,no
435,A lot, A moderate amount,7,FALSE,FALSE,FALSE,FALSE,6,5, A moderate amount,50,90,4,51,strongly disagree,sick people,probably,18-19,f,highschool graduate,small city/town,3,TRUE,no,yes,no
439,A lot, A moderate amount,8,FALSE,FALSE,TRUE,FALSE,3,5,A lot,25,50,4,60,strongly disagree,sick people,definitely,20-24,f, 4 year degree,suburb,3,FALSE,no,yes,yes
440,A lot, A moderate amount,6,FALSE,FALSE,TRUE,FALSE,4,7, A moderate amount,2,97,2,15,somewhat disagree,sick people,unsure,18-19,f,highschool graduate,large city,3,TRUE,no,no,yes
443,A lot, A moderate amount,6,FALSE,FALSE,TRUE,FALSE,4,6,Not at all,50,70,3,60,somewhat disagree,sick people,definitely,20-24,f,some college,suburb,3,FALSE,no,yes,yes
449,A lot,A little,7,FALSE,FALSE,FALSE,FALSE,0,10,A lot,93,48,3,29,somewhat disagree,sick people,definitely,25-29,f,professional degree,small city/town,2,TRUE,no,no,no
450,A lot, A moderate amount,10,FALSE,FALSE,TRUE,FALSE,0,7,A lot,47,70,2,20,strongly disagree,sick people,definitely,35-39,f,doctorate,suburb,4,TRUE,unsure,no,yes
451,A lot,A lot,10,FALSE,FALSE,FALSE,FALSE,1,7,A lot,70,59,4,25,strongly disagree,sick people,definitely,35-39,f,doctorate,large city,1,TRUE,no,yes,yes
455,A little,Nothing at all,4,FALSE,FALSE,TRUE,FALSE,5,4,A little,50,71,3,70,strongly disagree,sick people,definitely,18-19,m,some college,small city/town,2,TRUE,unsure,yes,yes
458,A lot, A moderate amount,8,FALSE,FALSE,FALSE,TRUE,4,7,A little,17,79,3,50,somewhat disagree,sick people,probably,18-19,f,some college,small city/town,4,FALSE,no,no,unsure
460, A moderate amount, A moderate amount,7,FALSE,FALSE,TRUE,FALSE,3,5, A moderate amount,50,60,3,35,somewhat disagree,sick people,probably,20-24,f,professional degree,small city/town,4,TRUE,no,no,no
462,A lot, A moderate amount,9,FALSE,FALSE,TRUE,FALSE,4,7,A lot,10,100,2,14,somewhat disagree,sick people,definitely,40-44,f,professional degree,large city,4,TRUE,no,no,no
464,A lot, A moderate amount,5,FALSE,FALSE,TRUE,FALSE,1,5,A lot,51,50,3,48,somewhat disagree,sick people,definitely,18-19,f,some college,suburb,3,TRUE,unsure,no,yes
465, A moderate amount, A moderate amount,8,FALSE,FALSE,TRUE,FALSE,4,7, A moderate amount,50,69,3,75,somewhat disagree,sick people,probably,35-39,m,professional degree,large city,3,FALSE,no,unsure,unsure
469,A lot,A lot,10,FALSE,FALSE,TRUE,FALSE,1,5, A moderate amount,50,100,3,29,strongly disagree,sick people,definitely,45-49,f,doctorate,suburb,4,TRUE,unsure,no,yes
470, A moderate amount, A moderate amount,5,FALSE,FALSE,TRUE,FALSE,7,7, A moderate amount,70,100,2,48,somewhat disagree,everyone,definitely,18-19,m,some college,small city/town,1,TRUE,yes,yes,yes
471,A lot, A moderate amount,8,FALSE,FALSE,TRUE,FALSE,0,4, A moderate amount,19,100,3,20,strongly disagree,sick people,unsure,30-34,f,professional degree,large city,5,TRUE,no,no,yes
478,A lot, A moderate amount,9,FALSE,FALSE,FALSE,FALSE,9,7,Not at all,76,88,4,64,strongly disagree,sick people,probably,70-74,f, 4 year degree,suburb,4,TRUE,no,yes,no
483,A lot, A moderate amount,9,FALSE,FALSE,FALSE,FALSE,1,5,A little,90,50,3,12,strongly disagree,sick people,definitely,30-34,f,professional degree,large city,2,TRUE,no,yes,yes
485,A lot, A moderate amount,6,TRUE,FALSE,TRUE,FALSE,3,3, A moderate amount,60,70,3,20,somewhat disagree,sick people,definitely,20-24,m, 4 year degree,small city/town,4,FALSE,no,no,no
487, A moderate amount, A moderate amount,7,FALSE,FALSE,TRUE,FALSE,3,4, A moderate amount,45,80,2,50,somewhat disagree,sick people,definitely,30-34,f, 4 year degree,large city,3,FALSE,no,no,no
488,A lot, A moderate amount,7,FALSE,FALSE,TRUE,FALSE,6,8, A moderate amount,71,20,2,62,somewhat disagree,sick people,probably,30-34,m,professional degree,small city/town,3,TRUE,no,no,yes
490,A little,A little,5,FALSE,FALSE,TRUE,FALSE,5,7, A moderate amount,10,79,3,70,somewhat disagree,no one/no mask evidence,definitely,45-49,f,professional degree,small city/town,3,FALSE,no,no,yes
491,A lot,A little,8,FALSE,FALSE,FALSE,FALSE,0,7,A lot,60,50,3,14,strongly disagree,sick people,definitely,45-49,f,doctorate,suburb,4,FALSE,unsure,no,yes
492,A lot,A little,7,FALSE,FALSE,FALSE,FALSE,0,3, A moderate amount,10,30,2,80,somewhat disagree,sick people,definitely,20-24,f,professional degree,large city,3,TRUE,no,no,no
494,A lot, A moderate amount,9,FALSE,FALSE,TRUE,FALSE,0,3,A little,69,71,2,2,strongly disagree,sick people,definitely,40-44,f,doctorate,suburb,4,TRUE,no,no,yes
533,A lot, A moderate amount,8,FALSE,FALSE,TRUE,FALSE,3,4, A moderate amount,91,71,6,9,strongly disagree,everyone,definitely,60-64,f, 4 year degree,large city,2,TRUE,unsure,yes,yes
535,A lot, A moderate amount,9,FALSE,FALSE,TRUE,FALSE,8,7,A lot,50,100,2,35,strongly disagree,sick people,definitely,25-29,f,professional degree,small city/town,3,FALSE,no,no,yes
536, A moderate amount, A moderate amount,9,FALSE,FALSE,TRUE,FALSE,7,3, A moderate amount,67,90,4,89,somewhat disagree,sick people,definitely,40-44,f,professional degree,suburb,3,FALSE,unsure,no,yes
537, A moderate amount, A moderate amount,8,FALSE,FALSE,TRUE,FALSE,5,7,A lot,53,66,3,29,strongly disagree,sick people,definitely,60-64,f,highschool graduate,suburb,3,FALSE,no,no,yes
538,A lot, A moderate amount,7,FALSE,FALSE,TRUE,FALSE,3,5,A little,66,71,3,20,strongly disagree,sick people,probably,30-34,f, 4 year degree,suburb,3,TRUE,yes,yes,yes
539,A lot, A moderate amount,4,FALSE,FALSE,FALSE,FALSE,2,5,A little,10,69,3,10,strongly agree,no one/no mask evidence,definitely,30-34,f,2 year degree,large city,3,TRUE,no,no,no
540,A lot, A moderate amount,6,FALSE,FALSE,FALSE,FALSE,5,7,A little,46,73,2,54,somewhat disagree,sick people,probably,25-29,f, 4 year degree,small city/town,4,TRUE,no,no,yes
546,A lot, A moderate amount,7,FALSE,FALSE,TRUE,FALSE,5,5, A moderate amount,50,95,5,40,strongly disagree,everyone,definitely,20-24,f,some college,suburb,4,FALSE,unsure,yes,yes
547,A lot, A moderate amount,7,FALSE,FALSE,TRUE,FALSE,2,8,A little,60,100,3,30,strongly disagree,everyone,definitely,18-19,f,some college,suburb,4,FALSE,unsure,no,yes
552,A lot,A little,7,TRUE,TRUE,TRUE,FALSE,3,7,A lot,30,90,2,20,strongly disagree,sick people,unsure,20-24,m,some college,suburb,3,FALSE,yes,no,no
564,A lot,A little,9,TRUE,FALSE,FALSE,FALSE,6,4,A lot,64,60,3,40,strongly disagree,sick people,definitely,25-29,f,some college,suburb,4,TRUE,no,no,yes
572,A lot,A little,6,FALSE,FALSE,FALSE,FALSE,4,6,A lot,70,100,3,10,somewhat disagree,everyone,definitely,18-19,f,highschool graduate,suburb,4,Unsure,yes,yes,unsure
573,A lot, A moderate amount,4,FALSE,FALSE,FALSE,TRUE,5,8, A moderate amount,25,80,3,75,strongly agree,sick people,probably,18-19,f,some college,small city/town,3,TRUE,unsure,no,no
577, A moderate amount,A little,6,TRUE,TRUE,TRUE,FALSE,3,6,A lot,20,85,3,45,somewhat disagree,sick people,probably,18-19,m,highschool graduate,small city/town,4,TRUE,no,no,unsure
579,A lot, A moderate amount,6,FALSE,TRUE,TRUE,TRUE,8,7, A moderate amount,5,100,3,75,strongly disagree,sick people,probably_not,20-24,f,2 year degree,suburb,5,FALSE,no,no,yes
580,A lot, A moderate amount,9,FALSE,FALSE,TRUE,FALSE,5,7,A lot,89,79,2,50,strongly disagree,sick people,probably,18-19,m,some college,suburb,3,FALSE,unsure,no,prefer not to say
581,A lot, A moderate amount,7,FALSE,FALSE,FALSE,TRUE,8,10,A lot,50,85,2,75,somewhat disagree,sick people,definitely,18-19,f,some college,small city/town,4,FALSE,no,no,unsure
583,A lot, A moderate amount,6,FALSE,FALSE,TRUE,FALSE,2,8,A lot,78,71,2,10,strongly disagree,no one/no mask evidence,definitely,18-19,f,some college,small city/town,4,TRUE,unsure,no,no
586,A lot,A little,7,FALSE,TRUE,TRUE,FALSE,3,5, A moderate amount,30,70,2,50,somewhat disagree,everyone,unsure,20-24,m,some college,suburb,3,FALSE,no,no,no
587, A moderate amount,A little,5,FALSE,FALSE,FALSE,FALSE,4,8,A lot,30,72,2,49,somewhat disagree,everyone,definitely,20-24,m,some college,large city,3,FALSE,no,no,yes
588,A lot, A moderate amount,7,TRUE,FALSE,TRUE,FALSE,4,7,A lot,56,55,3,47,somewhat disagree,sick people,definitely,20-24,f,some college,large city,3,FALSE,yes,no,yes
595, A moderate amount, A moderate amount,7,TRUE,TRUE,FALSE,FALSE,7,9,A lot,72,100,3,81,strongly agree,everyone,definitely,20-24,m,2 year degree,small city/town,5,TRUE,yes,no,yes
596,A lot, A moderate amount,5,FALSE,FALSE,TRUE,FALSE,2,6,A little,55,86,5,30,strongly disagree,sick people,definitely,20-24,f,some college,small city/town,3,TRUE,no,yes,yes
597,A lot,A lot,7,FALSE,FALSE,FALSE,FALSE,3,8, A moderate amount,3,96,1,75,strongly agree,sick people,definitely,20-24,f,some college,small city/town,4,Unsure,no,no,unsure
598,A lot,A little,5,FALSE,FALSE,TRUE,FALSE,2,3,A lot,51,86,3,16,somewhat disagree,sick people,definitely,20-24,f,some college,suburb,3,TRUE,no,no,no
600,A lot, A moderate amount,8,FALSE,FALSE,FALSE,FALSE,3,7, A moderate amount,60,75,3,40,somewhat disagree,everyone,definitely,20-24,m,some college,small city/town,1,FALSE,unsure,yes,yes
601,A lot, A moderate amount,7,FALSE,FALSE,TRUE,FALSE,4,5, A moderate amount,20,65,2,17,strongly disagree,everyone,definitely,18-19,f,some college,small city/town,4,TRUE,no,no,yes
602, A moderate amount, A moderate amount,7,FALSE,FALSE,FALSE,TRUE,5,6,A lot,15,52,3,39,somewhat disagree,everyone,unsure,18-19,m,highschool graduate,small city/town,3,TRUE,no,no,no
605,A lot,A lot,8,FALSE,FALSE,TRUE,FALSE,0,6, A moderate amount,70,51,3,19,strongly disagree,sick people,defintely not,40-44,f,some college,small city/town,4,TRUE,yes,no,yes
609,A lot,A little,5,FALSE,FALSE,FALSE,FALSE,1,5, A moderate amount,50,100,3,15,strongly disagree,sick people,definitely,18-19,f,some college,small city/town,2,TRUE,no,no,yes
611, A moderate amount, A moderate amount,7,FALSE,FALSE,TRUE,FALSE,1,8, A moderate amount,0,100,1,54,strongly disagree,sick people,definitely,18-19,f,some college,suburb,3,TRUE,no,no,no
615,A lot,A little,5,FALSE,FALSE,TRUE,FALSE,1,3,A lot,90,90,3,20,strongly disagree,sick people,definitely,20-24,f,2 year degree,large city,2,FALSE,no,no,unsure
616,A lot, A moderate amount,7,FALSE,FALSE,TRUE,FALSE,4,7,A little,20,87,2,100,strongly disagree,sick people,definitely,18-19,f,some college,suburb,4,TRUE,unsure,no,yes
621,A lot, A moderate amount,9,FALSE,FALSE,FALSE,FALSE,8,5,A lot,45,90,2,81,strongly disagree,sick people,probably,20-24,f,some college,suburb,5,TRUE,no,no,no
622,A lot, A moderate amount,8,FALSE,FALSE,TRUE,FALSE,4,5, A moderate amount,60,100,5,40,strongly disagree,sick people,definitely,18-19,m,less than highschool,suburb,2,TRUE,unsure,yes,yes
623,A lot,A little,8,FALSE,TRUE,TRUE,FALSE,3,5, A moderate amount,30,75,4,35,strongly disagree,sick people,definitely,18-19,m,some college,suburb,4,TRUE,unsure,yes,unsure
624,A lot,A lot,9,FALSE,FALSE,TRUE,FALSE,8,7, A moderate amount,75,90,3,50,somewhat disagree,everyone,definitely,25-29,m,some college,small city/town,3,FALSE,no,yes,yes
626,A lot, A moderate amount,7,FALSE,FALSE,FALSE,FALSE,7,7,A lot,80,70,2,50,strongly disagree,sick people,definitely,18-19,f,some college,suburb,5,TRUE,no,no,no
627,A lot, A moderate amount,8,FALSE,FALSE,TRUE,FALSE,3,7,A lot,90,90,3,20,strongly disagree,sick people,probably,20-24,f,some college,large city,2,Unsure,yes,unsure,yes
628,A lot, A moderate amount,10,FALSE,FALSE,TRUE,FALSE,7,6,A lot,30,80,3,0,strongly disagree,sick people,definitely,18-19,m,highschool graduate,small city/town,5,FALSE,no,no,yes
629,A lot,A lot,9,FALSE,FALSE,TRUE,TRUE,6,5,A little,31,100,3,25,strongly disagree,sick people,definitely,25-29,f,2 year degree,small city/town,4,TRUE,unsure,no,yes
631,A lot, A moderate amount,7,FALSE,FALSE,TRUE,FALSE,5,3, A moderate amount,50,100,5,35,strongly disagree,sick people,probably,18-19,f,some college,suburb,2,TRUE,no,yes,yes
642, A moderate amount,A little,7,FALSE,FALSE,FALSE,FALSE,5,4,A lot,3,85,3,56,strongly agree,everyone,definitely,18-19,f,highschool graduate,suburb,5,FALSE,unsure,yes,unsure
645,A lot,A little,4,FALSE,FALSE,TRUE,FALSE,2,5, A moderate amount,30,70,4,50,strongly disagree,everyone,definitely,18-19,f,some college,small city/town,2,TRUE,yes,no,unsure
648,A lot,A lot,10,TRUE,FALSE,TRUE,FALSE,6,10, A moderate amount,38,100,3,31,strongly disagree,everyone,probably,25-29,m, 4 year degree,rural area,5,FALSE,no,no,unsure
649,A lot, A moderate amount,4,FALSE,FALSE,TRUE,FALSE,7,8, A moderate amount,40,40,2,60,strongly disagree,everyone,definitely,18-19,f,some college,suburb,3,TRUE,no,no,yes
650,A lot,A little,6,FALSE,TRUE,TRUE,FALSE,3,7, A moderate amount,50,72,2,51,strongly disagree,sick people,unsure,20-24,f, 4 year degree,suburb,2,TRUE,no,no,no
654, A moderate amount, A moderate amount,7,FALSE,FALSE,TRUE,FALSE,2,6, A moderate amount,25,75,3,50,strongly disagree,sick people,definitely,35-39,f,doctorate,small city/town,5,TRUE,no,no,unsure
655, A moderate amount, A moderate amount,5,FALSE,FALSE,TRUE,FALSE,5,7,Not at all,20,93,2,70,somewhat disagree,sick people,definitely,20-24,f,some college,small city/town,3,TRUE,unsure,no,yes
659,A lot,A lot,10,FALSE,FALSE,TRUE,FALSE,5,5,A lot,20,100,3,20,strongly disagree,sick people,definitely,18-19,f,some college,small city/town,4,FALSE,no,no,no
660,A lot, A moderate amount,6,FALSE,FALSE,TRUE,FALSE,1,7,Not at all,60,100,2,82,strongly disagree,sick people,definitely,20-24,f,professional degree,small city/town,4,TRUE,no,no,yes
662,A lot, A moderate amount,9,FALSE,FALSE,TRUE,FALSE,7,6, A moderate amount,51,80,3,60,strongly disagree,sick people,definitely,50-54,f,some college,large city,4,TRUE,no,no,yes
663, A moderate amount, A moderate amount,6,FALSE,FALSE,TRUE,FALSE,5,5,A lot,30,70,4,50,somewhat disagree,sick people,probably,60-64,f,some college,small city/town,3,TRUE,no,yes,yes
664,A lot, A moderate amount,8,FALSE,FALSE,FALSE,FALSE,3,6, A moderate amount,29,71,3,21,strongly disagree,sick people,definitely,60-64,f,professional degree,suburb,3,TRUE,unsure,no,yes
665,A lot, A moderate amount,8,FALSE,FALSE,FALSE,FALSE,4,3,A lot,27,90,3,30,somewhat disagree,everyone,definitely,20-24,f,some college,small city/town,3,TRUE,unsure,no,yes
666,A lot,A lot,9,FALSE,FALSE,TRUE,FALSE,5,6,A lot,59,45,3,60,strongly disagree,sick people,definitely,20-24,f, 4 year degree,suburb,4,TRUE,no,no,yes
667,A lot, A moderate amount,8,TRUE,FALSE,TRUE,FALSE,6,7, A moderate amount,10,89,3,47,strongly disagree,everyone,definitely,20-24,f,some college,small city/town,4,TRUE,no,no,yes
674,A lot, A moderate amount,7,FALSE,FALSE,TRUE,FALSE,1,9,A lot,70,87,3,63,strongly disagree,no one/no mask evidence,definitely,20-24,f,some college,large city,4,TRUE,unsure,no,yes
675,A lot, A moderate amount,8,TRUE,TRUE,TRUE,FALSE,2,7,A lot,10,89,3,59,somewhat disagree,everyone,definitely,20-24,f,some college,suburb,4,TRUE,no,no,yes
676,A lot, A moderate amount,8,TRUE,TRUE,TRUE,FALSE,4,8, A moderate amount,50,100,2,70,somewhat disagree,sick people,definitely,20-24,f,highschool graduate,suburb,4,TRUE,no,no,no
677,A lot, A moderate amount,5,TRUE,TRUE,TRUE,FALSE,4,6,A lot,20,41,2,41,somewhat disagree,everyone,definitely,20-24,f, 4 year degree,suburb,4,FALSE,no,no,no
678,A lot,A lot,9,FALSE,FALSE,TRUE,FALSE,3,8,A lot,24,86,4,71,strongly disagree,sick people,probably,20-24,f, 4 year degree,small city/town,3,FALSE,no,no,no
681,A lot, A moderate amount,8,FALSE,FALSE,TRUE,FALSE,2,9, A moderate amount,75,100,2,50,somewhat disagree,sick people,definitely,20-24,f,some college,suburb,3,TRUE,unsure,unsure,yes
682, A moderate amount,A little,5,FALSE,FALSE,TRUE,FALSE,6,6,A lot,50,100,3,37,somewhat disagree,sick people,definitely,18-19,f,some college,suburb,4,FALSE,no,no,yes
683, A moderate amount, A moderate amount,9,FALSE,TRUE,TRUE,FALSE,7,6, A moderate amount,70,88,3,55,strongly disagree,sick people,definitely,18-19,f,some college,suburb,4,FALSE,no,yes,yes
690, A moderate amount, A moderate amount,4,TRUE,TRUE,FALSE,FALSE,2,3, A moderate amount,8,77,2,31,somewhat disagree,sick people,probably,18-19,f,some college,suburb,4,TRUE,unsure,no,prefer not to say
698,A lot,A lot,9,FALSE,FALSE,TRUE,FALSE,7,4,A lot,82,60,3,30,strongly disagree,sick people,definitely,20-24,f,some college,suburb,4,TRUE,unsure,no,yes
704, A moderate amount,A little,6,FALSE,FALSE,FALSE,TRUE,5,8,A lot,29,80,3,59,strongly disagree,sick people,probably,20-24,m,highschool graduate,suburb,2,FALSE,unsure,no,unsure
705, A moderate amount,A little,6,FALSE,FALSE,FALSE,FALSE,5,5,A lot,62,71,3,40,somewhat disagree,everyone,definitely,18-19,f,2 year degree,suburb,3,FALSE,unsure,no,no
706, A moderate amount,A little,7,FALSE,FALSE,FALSE,FALSE,1,5, A moderate amount,58,100,3,47,strongly disagree,sick people,unsure,18-19,f,some college,suburb,3,Unsure,no,no,unsure
710,A lot, A moderate amount,8,FALSE,FALSE,FALSE,FALSE,5,5, A moderate amount,25,90,3,70,somewhat disagree,everyone,probably,20-24,m,highschool graduate,small city/town,3,FALSE,unsure,no,no
713,A lot, A moderate amount,7,FALSE,FALSE,TRUE,FALSE,8,6, A moderate amount,40,80,3,60,somewhat disagree,everyone,definitely,18-19,f,some college,small city/town,4,TRUE,no,no,no
715, A moderate amount, A moderate amount,5,FALSE,FALSE,FALSE,FALSE,4,5,A lot,25,60,2,27,strongly disagree,sick people,definitely,20-24,f, 4 year degree,rural area,4,TRUE,no,no,yes
716,A lot, A moderate amount,6,FALSE,FALSE,TRUE,FALSE,6,4,A lot,50,65,2,55,strongly disagree,sick people,definitely,20-24,f, 4 year degree,small city/town,4,TRUE,unsure,no,yes
717,A lot, A moderate amount,6,FALSE,FALSE,TRUE,FALSE,7,4,A lot,57,70,3,30,strongly disagree,sick people,definitely,18-19,f,some college,suburb,5,TRUE,no,no,yes
723,A lot,A lot,7,TRUE,FALSE,TRUE,FALSE,5,6, A moderate amount,70,100,3,70,somewhat disagree,everyone,definitely,20-24,m,some college,large city,5,FALSE,yes,no,yes
731,A lot,A lot,8,FALSE,FALSE,TRUE,FALSE,1,4, A moderate amount,68,64,3,50,strongly disagree,sick people,definitely,18-19,f,some college,rural area,5,TRUE,no,no,yes
732, A moderate amount, A moderate amount,4,TRUE,FALSE,TRUE,FALSE,0,1, A moderate amount,44,64,2,33,strongly disagree,everyone,definitely,18-19,m,some college,suburb,2,TRUE,yes,no,yes
734,A lot,A lot,7,FALSE,TRUE,FALSE,FALSE,4,4,A lot,50,70,2,69,somewhat disagree,everyone,definitely,18-19,f,some college,suburb,4,TRUE,no,no,yes
739,A lot, A moderate amount,10,FALSE,FALSE,TRUE,FALSE,5,5,A lot,61,100,2,60,strongly disagree,everyone,definitely,18-19,f,some college,small city/town,3,FALSE,unsure,yes,unsure
740, A moderate amount, A moderate amount,5,FALSE,FALSE,TRUE,FALSE,8,6,A lot,50,90,3,78,strongly disagree,sick people,definitely,45-49,f, 4 year degree,rural area,3,TRUE,no,no,yes
741,A lot, A moderate amount,8,FALSE,FALSE,TRUE,FALSE,4,6,A little,30,70,2,70,strongly disagree,everyone,definitely,55-59,m,professional degree,small city/town,5,TRUE,no,no,yes
746,A lot, A moderate amount,6,FALSE,FALSE,TRUE,FALSE,4,4,A lot,50,60,3,30,somewhat disagree,sick people,definitely,20-24,f,some college,suburb,4,TRUE,unsure,no,no
747,A lot, A moderate amount,9,TRUE,FALSE,TRUE,FALSE,5,8,A lot,37,94,4,41,strongly disagree,sick people,definitely,75-79,f,some college,small city/town,4,TRUE,no,yes,yes
748,A lot, A moderate amount,6,FALSE,FALSE,FALSE,FALSE,5,7,A lot,50,70,3,71,somewhat disagree,sick people,probably,45-49,f,professional degree,small city/town,5,TRUE,unsure,no,unsure
749, A moderate amount,A little,4,FALSE,FALSE,FALSE,FALSE,5,5,A lot,30,40,3,30,strongly disagree,everyone,probably,20-24,f,some college,small city/town,3,FALSE,no,no,no
754,A lot,A lot,10,FALSE,FALSE,TRUE,FALSE,7,5, A moderate amount,33,79,4,43,strongly disagree,everyone,probably,40-44,f, 4 year degree,small city/town,4,FALSE,unsure,yes,no
755,A lot, A moderate amount,8,FALSE,TRUE,TRUE,FALSE,0,3,A little,35,77,3,17,somewhat disagree,everyone,definitely,30-34,m,2 year degree,suburb,4,FALSE,no,no,yes
758,A lot, A moderate amount,9,FALSE,FALSE,TRUE,FALSE,5,5, A moderate amount,60,62,3,57,strongly disagree,everyone,definitely,45-49,f,professional degree,small city/town,3,TRUE,yes,yes,yes
760,A lot, A moderate amount,6,FALSE,FALSE,TRUE,FALSE,6,5, A moderate amount,30,60,4,50,somewhat disagree,everyone,unsure,20-24,f,highschool graduate,small city/town,3,FALSE,no,yes,yes
765,A lot, A moderate amount,4,FALSE,FALSE,FALSE,FALSE,3,3, A moderate amount,31,100,4,11,strongly disagree,everyone,unsure,20-24,f, 4 year degree,large city,3,FALSE,no,no,yes
769,A lot,A little,7,FALSE,FALSE,TRUE,FALSE,0,3,A little,18,66,2,13,somewhat disagree,sick people,defintely not,25-29,f, 4 year degree,large city,3,FALSE,no,yes,yes
774, A moderate amount, A moderate amount,7,FALSE,FALSE,FALSE,FALSE,5,4,A lot,15,40,3,60,somewhat disagree,everyone,probably,20-24,m,some college,rural area,4,FALSE,no,no,yes
775, A moderate amount,A little,4,TRUE,FALSE,FALSE,FALSE,6,7, A moderate amount,30,70,4,50,somewhat disagree,everyone,unsure,18-19,f,highschool graduate,large city,3,FALSE,no,unsure,yes
776,A lot, A moderate amount,5,FALSE,FALSE,TRUE,FALSE,5,5,A little,55,100,3,70,somewhat disagree,sick people,probably,20-24,f,some college,suburb,3,TRUE,no,yes,yes
779,A lot,A lot,10,FALSE,FALSE,TRUE,FALSE,6,7,A lot,62,80,3,50,strongly disagree,sick people,definitely,55-59,f,professional degree,small city/town,4,TRUE,no,no,yes
780, A moderate amount, A moderate amount,8,FALSE,FALSE,TRUE,FALSE,3,5, A moderate amount,32,67,3,15,somewhat disagree,everyone,probably,25-29,f, 4 year degree,small city/town,3,FALSE,no,no,yes
790,A lot, A moderate amount,7,FALSE,FALSE,TRUE,FALSE,2,7,A lot,30,60,1,25,strongly disagree,everyone,definitely,20-24,f,some college,suburb,4,FALSE,unsure,no,yes
795,A little,Nothing at all,0,FALSE,FALSE,FALSE,FALSE,0,7, A moderate amount,0,75,3,3,strongly disagree,sick people,probably,20-24,f,some college,small city/town,3,FALSE,no,no,unsure
799, A moderate amount,A little,6,FALSE,FALSE,TRUE,FALSE,6,9,A lot,15,65,2,60,somewhat disagree,sick people,probably,18-19,m,some college,small city/town,4,TRUE,no,no,yes
800,A lot, A moderate amount,8,FALSE,FALSE,FALSE,FALSE,4,6, A moderate amount,30,70,3,27,strongly disagree,everyone,definitely,20-24,f,some college,suburb,4,FALSE,unsure,no,yes
804,A lot,A lot,9,FALSE,FALSE,TRUE,FALSE,4,5,A lot,72,60,3,50,somewhat disagree,everyone,probably,20-24,f,some college,suburb,3,FALSE,no,no,yes
805,A lot,A lot,8,FALSE,TRUE,TRUE,FALSE,5,7,A lot,61,70,4,38,strongly disagree,sick people,defintely not,50-54,m, 4 year degree,suburb,4,FALSE,no,no,yes
806,A lot, A moderate amount,5,FALSE,FALSE,TRUE,FALSE,1,7, A moderate amount,10,75,3,50,strongly disagree,everyone,definitely,20-24,m,highschool graduate,small city/town,3,TRUE,no,no,no
810,A lot, A moderate amount,7,FALSE,FALSE,TRUE,FALSE,5,5,A lot,45,72,3,19,strongly disagree,everyone,definitely,18-19,f,some college,small city/town,4,TRUE,no,no,yes
812,A lot, A moderate amount,8,FALSE,FALSE,TRUE,FALSE,9,7,A lot,46,46,5,67,strongly disagree,everyone,probably,20-24,f,some college,suburb,3,FALSE,unsure,yes,yes
814,A lot,A lot,10,TRUE,TRUE,TRUE,FALSE,5,7,A little,50,100,5,81,strongly disagree,everyone,definitely,20-24,f,some college,suburb,5,TRUE,yes,yes,yes
816,A lot, A moderate amount,6,FALSE,FALSE,FALSE,FALSE,5,6, A moderate amount,55,51,3,39,strongly disagree,everyone,definitely,18-19,f,some college,suburb,4,TRUE,no,no,no
821,A lot, A moderate amount,10,FALSE,FALSE,FALSE,FALSE,5,4,A lot,16,72,4,13,strongly disagree,everyone,probably_not,30-34,f,some college,suburb,3,FALSE,no,no,yes
824, A moderate amount, A moderate amount,6,FALSE,FALSE,TRUE,FALSE,6,9, A moderate amount,6,96,2,57,strongly disagree,sick people,definitely,25-29,f,2 year degree,small city/town,4,FALSE,no,no,no
830,A lot, A moderate amount,7,FALSE,FALSE,TRUE,FALSE,7,7, A moderate amount,86,95,3,70,strongly disagree,everyone,definitely,20-24,f,highschool graduate,small city/town,4,TRUE,no,no,no
831,A lot, A moderate amount,6,FALSE,FALSE,TRUE,FALSE,2,6,A lot,60,72,3,46,strongly disagree,everyone,definitely,20-24,f,some college,large city,3,FALSE,unsure,no,yes
832, A moderate amount, A moderate amount,7,TRUE,FALSE,TRUE,FALSE,6,5, A moderate amount,71,62,3,60,somewhat disagree,everyone,definitely,40-44,m,doctorate,suburb,3,TRUE,no,no,yes
833,A lot, A moderate amount,6,FALSE,FALSE,TRUE,FALSE,1,4,A little,58,87,3,50,somewhat disagree,everyone,definitely,18-19,f,highschool graduate,suburb,4,TRUE,no,no,yes
839, A moderate amount, A moderate amount,7,FALSE,TRUE,TRUE,FALSE,2,5, A moderate amount,25,75,3,15,somewhat disagree,everyone,definitely,20-24,f,some college,small city/town,3,TRUE,no,yes,yes
842, A moderate amount,A little,6,FALSE,FALSE,TRUE,FALSE,2,7,A little,50,100,1,44,strongly disagree,everyone,definitely,20-24,f,highschool graduate,small city/town,3,FALSE,unsure,no,yes
845, A moderate amount,A little,2,TRUE,FALSE,TRUE,FALSE,1,8,A lot,29,50,3,29,strongly agree,everyone,probably,20-24,f, 4 year degree,rural area,4,TRUE,no,no,yes
846,A lot, A moderate amount,9,FALSE,FALSE,TRUE,TRUE,8,8, A moderate amount,71,50,2,71,strongly disagree,everyone,definitely,50-54,f, 4 year degree,suburb,5,TRUE,no,no,yes
847, A moderate amount,A little,3,FALSE,FALSE,TRUE,FALSE,4,6, A moderate amount,20,70,2,60,somewhat disagree,everyone,probably,20-24,f,2 year degree,small city/town,3,TRUE,no,unsure,yes
849,A lot,A lot,7,FALSE,FALSE,FALSE,FALSE,0,3,A lot,10,62,2,81,strongly disagree,everyone,probably,18-19,f,some college,suburb,4,Unsure,no,no,yes
850,A lot, A moderate amount,7,FALSE,FALSE,TRUE,FALSE,5,7,A lot,10,90,2,50,somewhat disagree,everyone,definitely,18-19,f,highschool graduate,suburb,4,FALSE,no,no,yes
851,A lot, A moderate amount,9,FALSE,FALSE,TRUE,FALSE,8,7,A lot,35,95,3,55,strongly disagree,everyone,unsure,20-24,f,some college,small city/town,3,FALSE,no,no,yes
852, A moderate amount, A moderate amount,8,FALSE,FALSE,TRUE,FALSE,4,8,Not at all,70,70,5,23,strongly disagree,everyone,definitely,20-24,f,some college,small city/town,3,FALSE,no,unsure,yes
853, A moderate amount, A moderate amount,5,TRUE,FALSE,TRUE,FALSE,5,3,A little,100,100,1,60,somewhat disagree,sick people,probably_not,35-39,f,professional degree,suburb,5,FALSE,no,no,no
856, A moderate amount, A moderate amount,3,TRUE,FALSE,TRUE,FALSE,7,8, A moderate amount,40,70,4,71,somewhat disagree,sick people,probably,18-19,m,some college,suburb,4,TRUE,no,no,yes
858, A moderate amount, A moderate amount,7,FALSE,FALSE,FALSE,TRUE,7,5, A moderate amount,30,70,3,70,somewhat disagree,everyone,definitely,35-39,f, 4 year degree,small city/town,3,TRUE,no,no,yes
860,A lot,A lot,7,FALSE,FALSE,TRUE,FALSE,1,5, A moderate amount,92,91,2,9,strongly disagree,everyone,definitely,20-24,f, 4 year degree,large city,5,TRUE,yes,no,yes
861, A moderate amount, A moderate amount,5,TRUE,TRUE,FALSE,FALSE,5,3, A moderate amount,29,73,2,40,strongly disagree,everyone,probably,20-24,f,some college,suburb,4,FALSE,no,no,yes
866, A moderate amount, A moderate amount,3,FALSE,FALSE,TRUE,FALSE,5,9,A lot,3,85,2,72,strongly agree,sick people,unsure,20-24,m, 4 year degree,small city/town,4,TRUE,no,no,yes
871, A moderate amount, A moderate amount,5,TRUE,FALSE,TRUE,FALSE,6,4, A moderate amount,10,55,3,42,somewhat disagree,everyone,definitely,20-24,f,2 year degree,small city/town,3,TRUE,no,no,yes
872, A moderate amount, A moderate amount,4,TRUE,FALSE,TRUE,FALSE,7,5,A little,69,98,3,51,somewhat disagree,sick people,definitely,18-19,f,some college,suburb,3,FALSE,no,no,yes
873,A lot, A moderate amount,7,FALSE,FALSE,TRUE,FALSE,1,5,A lot,1,95,2,30,strongly disagree,everyone,probably,20-24,f,some college,small city/town,4,TRUE,no,no,no
876,A lot,A lot,10,FALSE,FALSE,TRUE,FALSE,10,10,A little,70,90,6,60,strongly disagree,everyone,definitely,18-19,f,some college,rural area,3,FALSE,no,yes,yes
878, A moderate amount,A little,3,FALSE,FALSE,TRUE,FALSE,7,7, A moderate amount,61,81,3,71,somewhat disagree,everyone,probably,20-24,f,some college,small city/town,3,FALSE,no,no,no
879,A lot, A moderate amount,5,FALSE,TRUE,TRUE,FALSE,0,6,A lot,61,43,3,8,somewhat disagree,everyone,probably,18-19,nb,some college,small city/town,2,FALSE,no,unsure,yes
882,A lot, A moderate amount,7,FALSE,FALSE,TRUE,FALSE,1,0, A moderate amount,40,90,4,10,strongly disagree,everyone,definitely,18-19,f,highschool graduate,small city/town,2,FALSE,no,yes,yes
884,A lot,A lot,10,TRUE,TRUE,TRUE,FALSE,10,6, A moderate amount,50,100,5,72,strongly disagree,everyone,unsure,20-24,f,some college,suburb,2,TRUE,yes,yes,yes
887, A moderate amount, A moderate amount,8,FALSE,FALSE,FALSE,FALSE,3,5, A moderate amount,50,77,3,35,somewhat disagree,everyone,probably,18-19,f, 4 year degree,large city,2,TRUE,unsure,no,no
889,A lot,A lot,10,FALSE,FALSE,TRUE,FALSE,8,4, A moderate amount,50,100,3,75,somewhat disagree,everyone,definitely,20-24,f,highschool graduate,suburb,5,TRUE,no,no,yes
890,A lot,A lot,10,FALSE,TRUE,TRUE,FALSE,3,5,A little,100,80,3,30,somewhat disagree,everyone,probably_not,18-19,f,some college,suburb,4,FALSE,yes,no,yes
892,A little,Nothing at all,6,FALSE,FALSE,TRUE,FALSE,3,6,A lot,29,29,1,30,strongly disagree,everyone,definitely,20-24,f, 4 year degree,small city/town,2,TRUE,yes,unsure,unsure
894,A lot, A moderate amount,10,FALSE,FALSE,FALSE,FALSE,4,8, A moderate amount,71,81,3,40,strongly disagree,everyone,definitely,35-39,f, 4 year degree,large city,3,TRUE,no,yes,yes
895, A moderate amount,A little,5,FALSE,FALSE,TRUE,TRUE,6,6, A moderate amount,5,99,2,50,somewhat disagree,everyone,definitely,20-24,f,some college,suburb,4,FALSE,no,no,unsure
896, A moderate amount,A little,4,FALSE,FALSE,TRUE,FALSE,3,4,A lot,20,80,4,35,somewhat disagree,everyone,definitely,20-24,f, 4 year degree,small city/town,4,TRUE,no,yes,yes
897,A lot, A moderate amount,8,TRUE,FALSE,TRUE,FALSE,1,9,Not at all,20,70,2,75,strongly disagree,everyone,definitely,20-24,m,2 year degree,large city,5,TRUE,unsure,no,yes
900, A moderate amount, A moderate amount,6,FALSE,FALSE,TRUE,FALSE,7,7,A little,50,70,3,75,somewhat disagree,everyone,unsure,50-54,f,some college,suburb,3,FALSE,unsure,no,yes
901, A moderate amount,A lot,8,FALSE,FALSE,TRUE,FALSE,2,5,A lot,72,52,2,9,strongly agree,everyone,definitely,55-59,m,some college,rural area,3,FALSE,no,no,yes
902,A lot, A moderate amount,8,FALSE,FALSE,TRUE,FALSE,5,7,A lot,80,60,3,60,strongly disagree,sick people,definitely,30-34,f, 4 year degree,small city/town,3,TRUE,unsure,no,yes
903,A lot, A moderate amount,8,FALSE,FALSE,FALSE,FALSE,1,5, A moderate amount,71,19,3,10,strongly disagree,everyone,probably,50-54,f,highschool graduate,suburb,3,FALSE,unsure,unsure,yes
904,A lot, A moderate amount,7,FALSE,FALSE,FALSE,FALSE,8,10, A moderate amount,5,100,5,100,strongly disagree,everyone,definitely,55-59,f, 4 year degree,small city/town,4,TRUE,no,yes,yes
905,A lot, A moderate amount,8,FALSE,TRUE,TRUE,FALSE,4,7, A moderate amount,100,85,3,42,strongly disagree,everyone,definitely,20-24,f, 4 year degree,suburb,4,FALSE,no,yes,yes
907, A moderate amount, A moderate amount,8,FALSE,FALSE,TRUE,FALSE,2,9, A moderate amount,20,72,3,41,somewhat disagree,everyone,probably,30-34,f,professional degree,suburb,4,TRUE,no,no,yes
908,A lot, A moderate amount,6,FALSE,FALSE,TRUE,FALSE,0,5,A little,0,0,2,30,somewhat disagree,everyone,definitely,25-29,f,highschool graduate,small city/town,3,TRUE,no,unsure,unsure
911, A moderate amount, A moderate amount,6,TRUE,FALSE,TRUE,FALSE,3,5,A lot,40,90,5,15,strongly disagree,everyone,unsure,30-34,f,some college,suburb,2,FALSE,no,yes,yes
912,A little,A little,6,FALSE,FALSE,TRUE,FALSE,6,5,A lot,70,60,5,60,somewhat disagree,everyone,unsure,50-54,f,2 year degree,suburb,3,FALSE,yes,yes,yes
915,A lot, A moderate amount,6,FALSE,FALSE,TRUE,FALSE,3,7, A moderate amount,75,70,2,35,somewhat disagree,everyone,definitely,20-24,f, 4 year degree,small city/town,4,FALSE,yes,no,no
916,A lot, A moderate amount,7,FALSE,FALSE,TRUE,TRUE,4,10,A lot,80,85,4,20,strongly disagree,everyone,definitely,20-24,m,some college,small city/town,2,TRUE,yes,yes,yes
917,A lot,A little,8,TRUE,FALSE,FALSE,FALSE,6,7,A lot,50,80,3,75,somewhat disagree,everyone,probably_not,25-29,f,highschool graduate,rural area,3,FALSE,no,no,yes
918,A lot, A moderate amount,8,FALSE,FALSE,TRUE,FALSE,4,4,A lot,1,100,6,40,strongly disagree,everyone,definitely,65-69,f,some college,suburb,4,FALSE,no,yes,no
919,A lot, A moderate amount,9,FALSE,FALSE,FALSE,FALSE,5,5, A moderate amount,88,90,6,65,strongly disagree,everyone,definitely,45-49,f,some college,rural area,1,TRUE,no,yes,yes
921,A lot,A lot,10,FALSE,FALSE,FALSE,FALSE,0,6,A lot,53,100,4,57,strongly disagree,everyone,definitely,55-59,f, 4 year degree,small city/town,3,FALSE,no,no,yes
922,A lot, A moderate amount,7,FALSE,FALSE,TRUE,FALSE,6,9,A little,28,89,4,77,strongly disagree,everyone,definitely,20-24,f,some college,suburb,3,FALSE,no,no,yes
923,A lot, A moderate amount,7,FALSE,FALSE,TRUE,FALSE,6,5, A moderate amount,60,94,3,40,somewhat disagree,everyone,definitely,20-24,f,some college,small city/town,4,FALSE,no,no,yes
924, A moderate amount, A moderate amount,6,FALSE,FALSE,TRUE,FALSE,5,5, A moderate amount,10,90,2,60,somewhat disagree,everyone,definitely,35-39,f, 4 year degree,suburb,3,FALSE,no,no,yes
925,A lot, A moderate amount,6,FALSE,FALSE,TRUE,FALSE,2,6, A moderate amount,56,82,5,15,somewhat disagree,everyone,definitely,20-24,f, 4 year degree,small city/town,4,TRUE,unsure,yes,yes
927,A lot,A lot,1,TRUE,TRUE,TRUE,FALSE,1,6,A little,57,80,4,84,strongly disagree,everyone,definitely,55-59,f,professional degree,suburb,3,FALSE,no,unsure,yes
928,A lot, A moderate amount,9,FALSE,FALSE,TRUE,FALSE,8,6,A lot,20,80,2,70,somewhat disagree,everyone,definitely,30-34,f,doctorate,suburb,5,FALSE,no,no,yes
930,A lot,A lot,10,FALSE,FALSE,TRUE,FALSE,10,7,A lot,50,61,5,50,strongly disagree,everyone,definitely,60-64,f,some college,small city/town,5,TRUE,no,yes,yes
931,A lot, A moderate amount,7,FALSE,FALSE,TRUE,FALSE,4,7, A moderate amount,50,100,5,60,strongly disagree,everyone,definitely,18-19,m,some college,suburb,2,FALSE,no,no,yes
933,A lot, A moderate amount,9,FALSE,FALSE,TRUE,FALSE,4,3,A little,80,50,3,70,somewhat disagree,everyone,definitely,45-49,f, 4 year degree,suburb,4,TRUE,no,no,yes
935,A lot, A moderate amount,7,FALSE,TRUE,FALSE,FALSE,3,3, A moderate amount,80,70,4,25,strongly disagree,everyone,unsure,45-49,f,some college,suburb,1,TRUE,unsure,yes,yes
936,A lot,A lot,6,FALSE,FALSE,FALSE,FALSE,1,7, A moderate amount,90,64,3,55,strongly disagree,everyone,definitely,18-19,m,some college,suburb,3,TRUE,unsure,no,yes
938,A lot, A moderate amount,7,TRUE,TRUE,TRUE,FALSE,2,5,A little,30,100,3,75,strongly disagree,everyone,probably,20-24,f,some college,small city/town,5,TRUE,no,no,yes
942,A lot,A lot,8,FALSE,FALSE,TRUE,FALSE,5,7,A little,30,92,2,71,strongly disagree,everyone,unsure,55-59,m, 4 year degree,suburb,5,TRUE,no,no,yes
944, A moderate amount, A moderate amount,6,TRUE,TRUE,TRUE,FALSE,3,9, A moderate amount,8,75,3,19,strongly disagree,everyone,definitely,18-19,m,some college,suburb,4,TRUE,unsure,no,no
945, A moderate amount,A little,6,FALSE,FALSE,TRUE,FALSE,1,5,A little,28,80,4,40,strongly disagree,everyone,definitely,18-19,f,highschool graduate,small city/town,3,TRUE,no,no,yes
947,A lot,A lot,7,TRUE,FALSE,TRUE,FALSE,0,7,A lot,30,100,3,13,somewhat disagree,everyone,definitely,18-19,nb,some college,rural area,5,FALSE,no,no,no
948,A lot,A little,8,FALSE,FALSE,FALSE,TRUE,2,5, A moderate amount,5,93,3,20,somewhat disagree,everyone,defintely not,18-19,f,some college,large city,5,FALSE,no,no,no
949,A lot, A moderate amount,6,FALSE,FALSE,TRUE,FALSE,5,7, A moderate amount,13,95,4,53,strongly disagree,everyone,definitely,18-19,f,highschool graduate,large city,3,FALSE,no,no,no
951, A moderate amount, A moderate amount,7,FALSE,FALSE,TRUE,FALSE,5,6,A little,13,82,3,51,somewhat disagree,everyone,probably,18-19,f,some college,suburb,4,TRUE,no,no,no
954,A lot, A moderate amount,8,FALSE,FALSE,TRUE,TRUE,5,8, A moderate amount,75,90,5,48,strongly disagree,sick people,definitely,18-19,f,some college,suburb,2,TRUE,no,yes,yes
955,A lot, A moderate amount,10,FALSE,FALSE,TRUE,FALSE,7,7,A lot,50,79,2,71,strongly disagree,everyone,definitely,20-24,f,some college,large city,5,FALSE,no,no,yes
956, A moderate amount,A little,5,FALSE,FALSE,TRUE,FALSE,1,7,A lot,48,70,2,9,strongly disagree,everyone,definitely,18-19,f,some college,suburb,4,FALSE,yes,no,unsure
957,A lot,A little,5,FALSE,FALSE,FALSE,FALSE,3,5,A little,0,50,1,18,strongly agree,everyone,unsure,20-24,f,highschool graduate,large city,5,FALSE,no,no,unsure
958, A moderate amount, A moderate amount,6,FALSE,FALSE,FALSE,FALSE,5,10,A lot,50,100,3,71,strongly disagree,sick people,definitely,20-24,f,highschool graduate,suburb,3,FALSE,no,yes,unsure
960, A moderate amount,A little,6,FALSE,FALSE,TRUE,FALSE,1,4,A little,36,100,3,11,strongly disagree,everyone,probably,18-19,f,highschool graduate,small city/town,3,TRUE,unsure,no,no
965, A moderate amount, A moderate amount,4,FALSE,FALSE,TRUE,FALSE,6,3,A lot,60,50,4,30,somewhat disagree,everyone,definitely,18-19,f,some college,small city/town,3,TRUE,no,no,no
966,A lot, A moderate amount,6,FALSE,FALSE,FALSE,FALSE,5,9, A moderate amount,83,71,3,45,strongly disagree,sick people,probably,18-19,f,some college,large city,3,TRUE,yes,no,yes
967,A lot, A moderate amount,7,FALSE,FALSE,TRUE,FALSE,4,6, A moderate amount,30,80,3,60,strongly disagree,everyone,definitely,30-34,m, 4 year degree,large city,4,TRUE,unsure,no,yes
972,A lot, A moderate amount,6,FALSE,FALSE,TRUE,FALSE,4,4,A lot,70,81,3,51,somewhat disagree,everyone,probably,40-44,m,some college,suburb,3,TRUE,unsure,no,no
973, A moderate amount, A moderate amount,5,FALSE,FALSE,TRUE,FALSE,2,4,Not at all,40,77,4,33,strongly disagree,everyone,probably,18-19,f,some college,suburb,4,FALSE,no,no,no
978,A lot, A moderate amount,7,FALSE,FALSE,FALSE,FALSE,3,8, A moderate amount,30,70,2,70,somewhat disagree,everyone,definitely,30-34,f,professional degree,large city,4,TRUE,no,no,yes
979,A lot, A moderate amount,10,FALSE,FALSE,FALSE,FALSE,5,7,A lot,80,100,3,50,strongly disagree,everyone,definitely,45-49,f,professional degree,large city,4,TRUE,no,no,yes
980,A lot, A moderate amount,10,FALSE,FALSE,FALSE,FALSE,2,8,A lot,86,75,6,71,strongly disagree,everyone,definitely,45-49,f,professional degree,suburb,2,TRUE,no,yes,yes
981,A lot, A moderate amount,6,FALSE,FALSE,TRUE,FALSE,2,7,A lot,51,71,3,40,strongly disagree,everyone,definitely,70-74,f,professional degree,large city,2,TRUE,no,yes,no
983,A lot, A moderate amount,10,FALSE,FALSE,FALSE,FALSE,5,8,A lot,75,57,5,31,strongly disagree,everyone,definitely,55-59,f, 4 year degree,suburb,3,TRUE,no,unsure,yes
984,A lot, A moderate amount,7,FALSE,FALSE,TRUE,FALSE,6,6,A lot,35,80,5,49,strongly disagree,everyone,definitely,45-49,f, 4 year degree,small city/town,3,FALSE,no,yes,yes
985, A moderate amount, A moderate amount,9,FALSE,FALSE,FALSE,FALSE,0,7, A moderate amount,30,82,4,51,strongly disagree,everyone,unsure,65-69,f, 4 year degree,rural area,3,FALSE,unsure,no,yes
988,A lot,A lot,10,FALSE,FALSE,TRUE,FALSE,5,7, A moderate amount,91,85,3,50,strongly disagree,everyone,definitely,18-19,f,some college,large city,4,FALSE,no,no,yes
989,A lot, A moderate amount,6,FALSE,FALSE,TRUE,FALSE,4,3,A lot,48,78,4,36,strongly disagree,everyone,probably,40-44,f,some college,large city,2,TRUE,unsure,unsure,unsure
993,A lot, A moderate amount,9,FALSE,FALSE,FALSE,TRUE,8,7,A lot,30,100,3,80,strongly disagree,everyone,definitely,18-19,m,some college,large city,5,TRUE,no,no,yes
994, A moderate amount, A moderate amount,5,FALSE,FALSE,FALSE,FALSE,1,1,A lot,3,81,5,20,somewhat disagree,everyone,probably_not,20-24,f,some college,large city,3,FALSE,yes,yes,yes
995,A lot, A moderate amount,8,FALSE,FALSE,TRUE,FALSE,2,5, A moderate amount,55,71,4,31,strongly disagree,everyone,definitely,35-39,f,professional degree,small city/town,3,FALSE,no,no,yes
996,A lot, A moderate amount,10,TRUE,FALSE,FALSE,FALSE,1,6,A lot,30,60,3,30,somewhat disagree,everyone,definitely,65-69,m,professional degree,small city/town,3,TRUE,no,no,no
997,A lot,A lot,10,FALSE,FALSE,FALSE,FALSE,3,6,Not at all,63,85,3,10,strongly disagree,everyone,unsure,25-29,f,professional degree,large city,3,FALSE,no,no,unsure
998,A lot, A moderate amount,8,FALSE,FALSE,FALSE,FALSE,0,5,A lot,6,82,1,11,strongly agree,sick people,defintely not,35-39,m,doctorate,suburb,5,FALSE,yes,no,no
999,A lot, A moderate amount,5,FALSE,FALSE,FALSE,FALSE,2,7,A lot,70,85,3,40,strongly disagree,everyone,definitely,25-29,nb, 4 year degree,suburb,3,TRUE,no,no,yes
1000, A moderate amount,A little,4,FALSE,TRUE,TRUE,FALSE,2,6,A little,70,60,3,40,somewhat disagree,everyone,probably,25-29,f, 4 year degree,suburb,3,FALSE,no,unsure,yes
1005, A moderate amount,A little,6,FALSE,FALSE,FALSE,FALSE,6,4, A moderate amount,75,60,3,49,somewhat disagree,everyone,definitely,25-29,m, 4 year degree,large city,4,TRUE,unsure,no,yes
1013,A lot,A little,5,FALSE,FALSE,FALSE,FALSE,3,6,A little,5,60,3,52,strongly disagree,everyone,definitely,18-19,f,highschool graduate,rural area,4,FALSE,no,no,unsure
1015,A lot, A moderate amount,9,TRUE,FALSE,TRUE,FALSE,4,7, A moderate amount,42,69,3,25,strongly disagree,everyone,unsure,30-34,f,2 year degree,rural area,5,TRUE,no,no,yes
1017,A lot,A lot,8,FALSE,TRUE,FALSE,FALSE,6,7, A moderate amount,70,77,3,73,somewhat disagree,everyone,definitely,40-44,f, 4 year degree,suburb,4,TRUE,no,no,yes
