penguin,sex,species,year,body_mass_g
p1,female,Adelie,2007,3750
p1,female,Adelie,2008,3500
p2,male,Adelie,2007,3800
p2,male,Adelie,2008,4300
p3,female,Adelie,2007,3250
p3,female,Adelie,2008,3450
p5,female,Adelie,2007,3450
p5,female,Adelie,2008,2900
p6,male,Adelie,2007,3650
p6,male,Adelie,2008,3700
p7,female,Adelie,2007,3625
p7,female,Adelie,2008,3550
p8,male,Adelie,2007,4675
p8,male,Adelie,2008,3800
p9,female,Adelie,2007,3475
p9,female,Adelie,2008,2850
p10,male,Adelie,2007,4250
p10,male,Adelie,2008,3750
p11,female,Adelie,2007,3300
p11,female,Adelie,2008,3150
p12,male,Adelie,2007,3700
p12,male,Adelie,2008,4400
p13,female,Adelie,2007,3200
p13,female,Adelie,2008,3600
p14,male,Adelie,2007,3800
p14,male,Adelie,2008,4050
p15,female,Adelie,2007,4400
p15,female,Adelie,2008,2850
p16,male,Adelie,2007,3700
p16,male,Adelie,2008,3950
p17,female,Adelie,2007,3450
p17,female,Adelie,2008,3350
p18,male,Adelie,2007,4500
p18,male,Adelie,2008,4100
p19,female,Adelie,2007,3325
p19,female,Adelie,2008,3050
p20,male,Adelie,2007,4200
p20,male,Adelie,2008,4450
p21,female,Adelie,2007,3400
p21,female,Adelie,2008,3600
p22,male,Adelie,2007,3600
p22,male,Adelie,2008,3900
p23,female,Adelie,2007,3800
p23,female,Adelie,2008,3550
p24,male,Adelie,2007,3950
p24,male,Adelie,2008,4150
p25,female,Adelie,2007,3800
p25,female,Adelie,2008,3700
p26,male,Adelie,2007,3800
p26,male,Adelie,2008,4250
p27,female,Adelie,2007,3550
p27,female,Adelie,2008,3700
p28,male,Adelie,2007,3200
p28,male,Adelie,2008,3900
p29,female,Adelie,2007,3150
p29,female,Adelie,2008,3550
p30,male,Adelie,2007,3950
p30,male,Adelie,2008,4000
p31,female,Adelie,2007,3250
p31,female,Adelie,2008,3200
p32,male,Adelie,2007,3900
p32,male,Adelie,2008,4700
p33,female,Adelie,2007,3300
p33,female,Adelie,2008,3800
p34,male,Adelie,2007,3900
p34,male,Adelie,2008,4200
p35,female,Adelie,2007,3325
p35,female,Adelie,2008,3350
p36,male,Adelie,2007,4150
p36,male,Adelie,2008,3550
p37,male,Adelie,2007,3950
p37,male,Adelie,2008,3800
p38,female,Adelie,2007,3550
p38,female,Adelie,2008,3500
p39,male,Adelie,2007,3300
p39,male,Adelie,2008,3950
p40,female,Adelie,2007,4650
p40,female,Adelie,2008,3600
p41,female,Adelie,2007,3150
p41,female,Adelie,2008,3550
p42,male,Adelie,2007,3900
p42,male,Adelie,2008,4300
p43,female,Adelie,2007,3100
p43,female,Adelie,2008,3400
p44,male,Adelie,2007,4400
p44,male,Adelie,2008,4450
p45,female,Adelie,2007,3000
p45,female,Adelie,2008,3300
p46,male,Adelie,2007,4600
p46,male,Adelie,2008,4300
p47,female,Adelie,2007,3425
p47,female,Adelie,2008,3700
p48,male,Adelie,2007,2975
p48,male,Adelie,2008,4350
p49,female,Adelie,2007,3450
p49,female,Adelie,2008,2900
p50,male,Adelie,2007,4150
p50,male,Adelie,2008,4100
p153,female,Gentoo,2007,4500
p153,female,Gentoo,2008,5150
p154,male,Gentoo,2007,5700
p154,male,Gentoo,2008,5400
p155,female,Gentoo,2007,4450
p155,female,Gentoo,2008,4950
p156,male,Gentoo,2007,5700
p156,male,Gentoo,2008,5250
p157,female,Gentoo,2007,5400
p157,female,Gentoo,2008,4350
p158,male,Gentoo,2007,4550
p158,male,Gentoo,2008,5350
p159,female,Gentoo,2007,4800
p159,female,Gentoo,2008,3950
p160,male,Gentoo,2007,5200
p160,male,Gentoo,2008,5700
p161,female,Gentoo,2007,4400
p161,female,Gentoo,2008,4300
p162,male,Gentoo,2007,5150
p162,male,Gentoo,2008,4750
p163,male,Gentoo,2007,4650
p163,male,Gentoo,2008,5550
p164,female,Gentoo,2007,5550
p164,female,Gentoo,2008,4900
p165,female,Gentoo,2007,4650
p165,female,Gentoo,2008,4200
p166,male,Gentoo,2007,5850
p166,male,Gentoo,2008,5400
p167,female,Gentoo,2007,4200
p167,female,Gentoo,2008,5100
p168,male,Gentoo,2007,5850
p168,male,Gentoo,2008,5300
p169,female,Gentoo,2007,4150
p169,female,Gentoo,2008,4850
p170,male,Gentoo,2007,6300
p170,male,Gentoo,2008,5300
p171,female,Gentoo,2007,4800
p171,female,Gentoo,2008,4400
p172,male,Gentoo,2007,5350
p172,male,Gentoo,2008,5000
p173,female,Gentoo,2007,5700
p173,female,Gentoo,2008,4900
p174,male,Gentoo,2007,5000
p174,male,Gentoo,2008,5050
p175,female,Gentoo,2007,4400
p175,female,Gentoo,2008,4300
p176,male,Gentoo,2007,5050
p176,male,Gentoo,2008,5000
p177,female,Gentoo,2007,5000
p177,female,Gentoo,2008,4450
p178,male,Gentoo,2007,5100
p178,male,Gentoo,2008,5550
p179,female,Gentoo,2007,4100
p179,female,Gentoo,2008,4200
p180,male,Gentoo,2007,5650
p180,male,Gentoo,2008,5300
p181,female,Gentoo,2007,4600
p181,female,Gentoo,2008,4400
p182,male,Gentoo,2007,5550
p182,male,Gentoo,2008,5650
p183,female,Gentoo,2007,5250
p183,female,Gentoo,2008,4700
p184,male,Gentoo,2007,4700
p184,male,Gentoo,2008,5700
p186,male,Gentoo,2007,6050
p186,male,Gentoo,2008,5800
p277,female,Chinstrap,2007,3500
p277,female,Chinstrap,2008,3400
p278,male,Chinstrap,2007,3900
p278,male,Chinstrap,2008,3800
p279,female,Chinstrap,2007,3650
p279,female,Chinstrap,2008,3700
p280,male,Chinstrap,2007,3525
p280,male,Chinstrap,2008,4550
p281,female,Chinstrap,2007,3725
p281,female,Chinstrap,2008,3200
p282,male,Chinstrap,2007,3950
p282,male,Chinstrap,2008,4300
p283,female,Chinstrap,2007,3250
p283,female,Chinstrap,2008,3350
p284,male,Chinstrap,2007,3750
p284,male,Chinstrap,2008,4100
p285,male,Chinstrap,2007,4150
p285,male,Chinstrap,2008,3600
p286,female,Chinstrap,2007,3700
p286,female,Chinstrap,2008,3900
p287,female,Chinstrap,2007,3800
p287,female,Chinstrap,2008,3850
p288,male,Chinstrap,2007,3775
p288,male,Chinstrap,2008,4800
p289,female,Chinstrap,2007,3700
p289,female,Chinstrap,2008,2700
p290,male,Chinstrap,2007,4050
p290,male,Chinstrap,2008,4500
p291,male,Chinstrap,2007,3575
p291,male,Chinstrap,2008,3950
p292,female,Chinstrap,2007,4050
p292,female,Chinstrap,2008,3650
p293,male,Chinstrap,2007,3300
p293,male,Chinstrap,2008,3550
p294,female,Chinstrap,2007,3700
p294,female,Chinstrap,2008,3500
p295,female,Chinstrap,2007,3450
p295,female,Chinstrap,2008,3675
p296,male,Chinstrap,2007,4400
p296,male,Chinstrap,2008,4450
p297,female,Chinstrap,2007,3600
p297,female,Chinstrap,2008,3400
p298,male,Chinstrap,2007,3400
p298,male,Chinstrap,2008,4300
p299,male,Chinstrap,2007,2900
p299,male,Chinstrap,2008,3250
p300,female,Chinstrap,2007,3800
p300,female,Chinstrap,2008,3675
p301,female,Chinstrap,2007,3300
p301,female,Chinstrap,2008,3325
p302,male,Chinstrap,2007,4150
p302,male,Chinstrap,2008,3950
