Country name,Regional indicator,Ladder score,Standard error of ladder score,upperwhisker,lowerwhisker,Logged GDP per capita,Social support,Healthy life expectancy,Freedom to make life choices,Generosity,Perceptions of corruption,Ladder score in Dystopia,Explained by: Log GDP per capita,Explained by: Social support,Explained by: Healthy life expectancy,Explained by: Freedom to make life choices,Explained by: Generosity,Explained by: Perceptions of corruption,Dystopia + residual
Finland,Western Europe,7.80870008468628,0.0311563052237034,7.86976623535156,7.747633934021,10.6392669677734,0.9543297290802,71.9008255004883,0.94917219877243,-0.0594820193946362,0.195444583892822,1.97231674194336,1.28518950939178,1.49952590465546,0.961271405220032,0.662316739559174,0.159670442342758,0.477857261896133,2.76283502578735
Denmark,Western Europe,7.64559984207153,0.0334922857582569,7.71124458312988,7.57995510101318,10.774001121521,0.955990791320801,72.4025039672852,0.951444268226624,0.066201776266098,0.168489456176758,1.97231674194336,1.32694852352142,1.50344920158386,0.979332566261292,0.665039896965027,0.242793396115303,0.495260328054428,2.43274068832397
Switzerland,Western Europe,7.55989980697632,0.035014171153307,7.62852764129639,7.49127197265625,10.9799327850342,0.942846596240997,74.1024475097656,0.921336650848389,0.105911038815975,0.303728431463242,1.97231674194336,1.39077425003052,1.47240340709686,1.04053318500519,0.628954470157623,0.269055753946304,0.407945901155472,2.35026741027832
Iceland,Western Europe,7.50449991226196,0.0596158616244793,7.62134695053101,7.38765287399292,10.7725591659546,0.974669575691223,73,0.948891878128052,0.246944218873978,0.71170973777771,1.97231674194336,1.3265016078949,1.547567486763,1.00084340572357,0.661980748176575,0.362330228090286,0.144540771842003,2.46068811416626
Norway,Western Europe,7.48799991607666,0.0348373837769032,7.55628108978272,7.41971874237061,11.0878038406372,0.952486574649811,73.2007827758789,0.955750286579132,0.134532630443573,0.263218194246292,1.97231674194336,1.42420732975006,1.49517250061035,1.00807189941406,0.670200884342194,0.28798508644104,0.434100568294525,2.16826629638672
Netherlands,Western Europe,7.44890022277832,0.0277917496860027,7.50337219238281,7.39442825317383,10.8127117156982,0.939138829708099,72.3009185791016,0.908547818660736,0.207612439990044,0.364717125892639,1.97231674194336,1.33894634246826,1.46364593505859,0.975675344467163,0.613626480102539,0.33631756901741,0.368569761514664,2.35211706161499
Sweden,Western Europe,7.35349988937378,0.0362341962754726,7.42451906204224,7.28248071670532,10.7587938308716,0.926311194896698,72.6007690429688,0.939144194126129,0.111614622175694,0.250880181789398,1.97231674194336,1.32223522663116,1.43334770202637,0.986470460891724,0.650297701358795,0.27282789349556,0.442066371440887,2.24629926681519
New Zealand,North America and ANZ,7.29960012435913,0.0394654683768749,7.37695264816284,7.22224760055542,10.5009431838989,0.949118971824646,73.2026290893555,0.936217486858368,0.191598072648048,0.221138849854469,1.97231674194336,1.24231791496277,1.48721837997437,1.00813829898834,0.646789908409119,0.325726211071014,0.461268275976181,2.12810802459717
Austria,Western Europe,7.29419994354248,0.0333651639521122,7.35959577560425,7.22880411148071,10.742823600769,0.928045868873596,73.0025024414063,0.899989485740662,0.0854292213916779,0.499954879283905,1.97231674194336,1.31728553771973,1.43744492530823,1.00093352794647,0.603368878364563,0.25550976395607,0.281256139278412,2.39844608306885
Luxembourg,Western Europe,7.23750019073486,0.0308517944067717,7.29796981811523,7.17703056335449,11.4506807327271,0.906912207603455,72.5999984741211,0.905636429786682,-0.0046205879189074,0.367084294557571,1.97231674194336,1.53667604923248,1.38752841949463,0.986442685127258,0.610137045383453,0.195953920483589,0.3670414686203,2.15370035171509
Canada,North America and ANZ,7.23210000991821,0.0404054597020149,7.31129455566406,7.15290546417236,10.6923685073853,0.927176654338837,73.6016006469727,0.933913230895996,0.124770767986774,0.390843361616135,1.97231674194336,1.30164766311646,1.43539190292358,1.02250194549561,0.644028127193451,0.281528919935226,0.351701855659485,2.1952691078186
Australia,North America and ANZ,7.22279977798462,0.0418411158025265,7.30480813980103,7.14079141616821,10.7205963134766,0.944854617118835,73.6045379638672,0.91543173789978,0.190460160374641,0.4151691198349,1.97231674194336,1.31039643287659,1.47714626789093,1.02260768413544,0.621877193450928,0.324973613023758,0.33599641919136,2.1298041343689
United Kingdom,Western Europe,7.16450023651123,0.0371619090437889,7.23733758926392,7.09166288375855,10.6001348495483,0.936682820320129,72.3016052246094,0.834743678569794,0.263732492923737,0.435915917158127,1.97231674194336,1.2730610370636,1.45784497261047,0.975700080394745,0.525168657302856,0.373433440923691,0.322601646184921,2.23672199249268
Israel,Middle East and North Africa,7.12860012054443,0.0425151810050011,7.21192979812622,7.04527044296265,10.4175252914429,0.913571238517761,73.2002563476563,0.747580587863922,0.102593719959259,0.780855059623718,1.97231674194336,1.21646368503571,1.40325677394867,1.00805294513702,0.42069947719574,0.266861796379089,0.0998984500765801,2.7133584022522
Costa Rica,Latin America and Caribbean,7.12139987945557,0.044816117733717,7.20923948287964,7.03356027603149,9.6581563949585,0.901545941829681,71.2998504638672,0.93473893404007,-0.102429710328579,0.786332428455353,1.97231674194336,0.981107711791992,1.37485361099243,0.939635336399078,0.645017743110657,0.131266310811043,0.0963620916008949,2.95313501358032
Ireland,Western Europe,7.09369993209839,0.0398634523153305,7.17183208465576,7.01556777954102,11.1609783172607,0.942081570625305,72.3007888793945,0.886982977390289,0.145784974098206,0.357184171676636,1.97231674194336,1.44688677787781,1.47059643268585,0.975670695304871,0.587779939174652,0.295426994562149,0.373433262109756,1.94387817382813
Germany,Western Europe,7.0757999420166,0.0356098040938377,7.14559507369995,7.00600481033325,10.7328186035156,0.898874461650848,72.202018737793,0.867371082305908,0.0801793858408928,0.456422030925751,1.97231674194336,1.31418454647064,1.36854374408722,0.97211480140686,0.56427413225174,0.252037703990936,0.309362292289734,2.29524946212769
United States,North America and ANZ,6.93959999084473,0.0473161675035954,7.03233957290649,6.84686040878296,10.9257688522339,0.91421902179718,68.2994995117187,0.84261953830719,0.14989173412323,0.699715316295624,1.97231674194336,1.37398684024811,1.40478670597076,0.831618010997772,0.534608244895935,0.298143059015274,0.152284741401672,2.34412479400635
Czech Republic,Central and Eastern Europe,6.9109001159668,0.0428912974894047,6.99496698379517,6.82683324813843,10.4041633605957,0.914430677890778,70.0479354858399,0.818537354469299,-0.230861514806747,0.85844624042511,1.97231674194336,1.21232235431671,1.40528666973114,0.89456444978714,0.505744576454163,0.0463259294629097,0.0498032234609127,2.79680824279785
Belgium,Western Europe,6.86350011825562,0.0343703553080559,6.93086624145508,6.79613399505615,10.6736392974854,0.911632537841797,72.0016479492188,0.813582062721252,-0.0786911994218826,0.61229795217514,1.97231674194336,1.29584276676178,1.39867758750916,0.964901149272919,0.499805420637131,0.146966159343719,0.208724051713943,2.34862661361694
United Arab Emirates,Middle East and North Africa,6.79080009460449,0.040698379278183,6.87056875228882,6.71103143692017,11.1099987030029,0.849181115627289,67.0827865600586,0.941345512866974,0.123450845479965,0.594502210617065,1.97231674194336,1.43108642101288,1.25117099285126,0.787814438343048,0.652936100959778,0.280655980110168,0.220213517546654,2.1669659614563
Malta,Western Europe,6.77279996871948,0.042958103120327,6.85699796676636,6.68860197067261,10.5338382720947,0.930379509925842,72.1999969482422,0.924911439418793,0.214965805411339,0.658547282218933,1.97231674194336,1.2525132894516,1.44295692443848,0.97204202413559,0.633239030838013,0.341180831193924,0.178864076733589,1.95201206207275
France,Western Europe,6.66379976272583,0.0375767908990383,6.73745012283325,6.59014940261841,10.5842227935791,0.937103748321533,73.8019332885742,0.825467646121979,-0.130641967058182,0.583521127700806,1.97231674194336,1.26812934875488,1.45883917808533,1.02971422672272,0.514050900936127,0.112607702612877,0.227303236722946,2.05319833755493
Mexico,Latin America and Caribbean,6.46500015258789,0.0481224693357945,6.55931997299194,6.37068033218384,9.79779720306397,0.838665425777435,68.2990264892578,0.858709275722504,-0.175266623497009,0.806821584701538,1.97231674194336,1.02438747882843,1.22633349895477,0.831601023674011,0.553892552852631,0.083094485104084,0.0831336677074432,2.66254019737244
Taiwan Province of China,East Asia,6.45539999008179,0.0391395762562752,6.53211355209351,6.37868642807007,10.7756853103638,0.894309103488922,69.5999984741211,0.771530330181122,-0.0731986984610558,0.731882929801941,1.97231674194336,1.32747054100037,1.3577606678009,0.878437995910645,0.449404388666153,0.150598704814911,0.131516352295876,2.16023874282837
Uruguay,Latin America and Caribbean,6.44010019302368,0.0454190820455551,6.52912139892578,6.35107898712158,9.94819259643555,0.922811269760132,69.0025482177734,0.892395436763763,-0.101103112101555,0.635994136333466,1.97231674194336,1.07100045681,1.42508113384247,0.856928884983063,0.594267070293427,0.132143691182137,0.193425074219704,2.16727638244629
Saudi Arabia,Middle East and North Africa,6.4064998626709,0.0565336123108864,6.51730585098267,6.29569387435913,10.797812461853,0.874067068099976,66.3051452636719,0.854191243648529,-0.168695062398911,0.682619512081146,1.97231674194336,1.33432853221893,1.30995011329651,0.759818136692047,0.548477470874786,0.0874406844377518,0.163322314620018,2.20311880111694
Spain,Western Europe,6.40089988708496,0.0423003695905209,6.48380851745606,6.31799125671387,10.462926864624,0.921125411987305,74.4027099609375,0.751989543437958,-0.0509617142379284,0.76585990190506,1.97231674194336,1.23053526878357,1.4210991859436,1.05134308338165,0.425983816385269,0.165305480360985,0.109579779207706,1.99708843231201
Guatemala,Latin America and Caribbean,6.39890003204346,0.0583983026444912,6.51336050033569,6.28443956375122,8.92480564117432,0.816621482372284,64.8089447021484,0.908147573471069,-0.0429386645555496,0.783237457275391,1.97231674194336,0.753815710544586,1.17426705360413,0.7059525847435,0.613146722316742,0.170611664652824,0.0983603000640869,2.88272309303284
Italy,Western Europe,6.38740015029907,0.0432880744338036,6.47224473953247,6.30255556106567,10.4818363189697,0.889878571033478,73.6016845703125,0.664651989936829,-0.0434609986841679,0.873404681682587,1.97231674194336,1.23639607429504,1.34729599952698,1.02250492572784,0.321305572986603,0.170266211032867,0.0401455983519554,2.2495059967041
Singapore,Southeast Asia,6.37709999084473,0.0332589671015739,6.44228744506836,6.31191253662109,11.3955211639404,0.91026896238327,76.8045806884766,0.926645338535309,0.0298792235553265,0.109784193336964,1.97231674194336,1.51958012580872,1.39545691013336,1.13781428337097,0.635317206382751,0.218770906329155,0.533162236213684,0.937031745910645
Brazil,Latin America and Caribbean,6.37559986114502,0.0407906882464886,6.45554971694946,6.29565000534058,9.56643486022949,0.896723806858063,66.4801635742188,0.79980480670929,-0.101812392473221,0.770601272583008,1.97231674194336,0.952679872512817,1.36346411705017,0.766119062900543,0.483292728662491,0.131674587726593,0.106518603861332,2.57186031341553
Slovenia,Central and Eastern Europe,6.36339998245239,0.0438413135707378,6.44932889938355,6.27747106552124,10.3923225402832,0.939575672149658,71.1029891967773,0.93614262342453,-0.0806033834815025,0.81707102060318,1.97231674194336,1.20865249633789,1.46467769145966,0.932548046112061,0.646700143814087,0.145701497793198,0.0765163227915764,1.88858652114868
El Salvador,Latin America and Caribbean,6.34829998016357,0.0582484379410744,6.46246671676636,6.23413324356079,8.90907573699951,0.806092262268066,66.1082611083984,0.83380526304245,-0.121072977781296,0.754319906234741,1.97231674194336,0.748940408229828,1.14939761161804,0.752730011940002,0.524043917655945,0.11893630027771,0.11703035235405,2.93719172477722
Kosovo,Central and Eastern Europe,6.32520008087158,0.0522162765264511,6.42754411697388,6.22285604476929,9.20442962646484,0.82072651386261,63.885555267334,0.861535906791687,0.190933763980865,0.922328293323517,1.97231674194336,0.840481340885162,1.18396282196045,0.672709167003632,0.557280421257019,0.325286865234375,0.00855902396142483,2.73690271377563
Panama,Latin America and Caribbean,6.30480003356934,0.0597249306738377,6.42186069488525,6.18773937225342,10.034234046936,0.902094483375549,69.6030120849609,0.880366504192352,-0.153927713632584,0.851588904857636,1.97231674194336,1.09766781330109,1.37614929676056,0.878546535968781,0.579849779605866,0.0972073078155518,0.0542305260896683,2.22117614746094
Slovakia,Central and Eastern Europe,6.28060007095337,0.0388975702226162,6.35683917999268,6.20436096191406,10.347749710083,0.922493755817413,68.9063415527344,0.749952673912048,-0.124409303069115,0.918096125125885,1.97231674194336,1.19483768939972,1.4243311882019,0.853465259075165,0.423542529344559,0.116729773581028,0.0112914405763149,2.25642204284668
Uzbekistan,Commonwealth of Independent States,6.25759983062744,0.0542275495827198,6.3638858795166,6.15131378173828,8.74037170410156,0.926595807075501,65.1075744628906,0.974998116493225,0.248427152633667,0.501497387886047,1.97231674194336,0.696652948856354,1.43402004241943,0.716703712940216,0.693270325660706,0.363311022520065,0.280260264873505,2.07334661483765
Chile,Latin America and Caribbean,6.22849988937378,0.0457238890230656,6.31811857223511,6.13888120651245,10.032054901123,0.879713594913483,69.9006195068359,0.744896292686462,-0.0656683668494225,0.838239431381226,1.97231674194336,1.09699249267578,1.32328689098358,0.889260828495026,0.417482227087021,0.155579000711441,0.0628493502736092,2.28301286697388
Bahrain,Middle East and North Africa,6.22730016708374,0.0818822607398033,6.38778924942017,6.06681108474731,10.6763801574707,0.876342117786408,68.5,0.905855774879456,0.133729189634323,0.739347100257874,1.97231674194336,1.29669225215912,1.31532371044159,0.838836371898651,0.610399901866913,0.287453711032867,0.12669725716114,1.75191736221313
Lithuania,Central and Eastern Europe,6.21549987792969,0.0441931076347828,6.3021183013916,6.12888145446777,10.3436260223389,0.926107108592987,67.294075012207,0.747381448745728,-0.219725295901299,0.809583842754364,1.97231674194336,1.19355964660645,1.43286573886871,0.795421183109283,0.420460790395737,0.0536910407245159,0.0813502743840218,2.23814606666565
Trinidad and Tobago,Latin America and Caribbean,6.19189977645874,0.114448457956314,6.41621875762939,5.96758079528809,10.2600021362305,0.915294170379639,63.5,0.857907116413116,0.000526840682141483,0.912230610847473,1.97231674194336,1.16764152050018,1.40732622146606,0.658828556537628,0.552931129932404,0.199358254671097,0.0150783956050873,2.19069576263428
Poland,Central and Eastern Europe,6.1862998008728,0.0355001650750637,6.25588035583496,6.11671924591064,10.2651243209839,0.874257445335388,69.3111343383789,0.862055778503418,-0.205084070563316,0.686927020549774,1.97231674194336,1.16922914981842,1.31039977073669,0.868038475513458,0.557903528213501,0.0633742436766624,0.160541251301765,2.05679798126221
Colombia,Latin America and Caribbean,6.16340017318726,0.0564808733761311,6.27410268783569,6.05269765853882,9.50036907196045,0.884440243244171,67.6995849609375,0.836179912090302,-0.161235645413399,0.864571809768677,1.97231674194336,0.932203710079193,1.3344509601593,0.81002014875412,0.52689003944397,0.0923740938305855,0.0458483695983887,2.42165660858154
Cyprus,Western Europe,6.15899991989136,0.0506059378385544,6.25818777084351,6.05981206893921,10.4057025909424,0.805996239185333,73.7022247314453,0.779858291149139,0.0437314957380295,0.856271743774414,1.97231674194336,1.21279942989349,1.14917075634003,1.02612459659576,0.459385871887207,0.227932333946228,0.0512071438133717,2.03233480453491
Nicaragua,Latin America and Caribbean,6.13710021972656,0.0638869628310204,6.26231861114502,6.01188182830811,8.49316024780273,0.857497036457062,67.5071792602539,0.863902866840363,0.0209591407328844,0.665950119495392,1.97231674194336,0.620033144950867,1.27081274986267,0.803093254566193,0.560117304325104,0.212871477007866,0.174084573984146,2.49608111381531
Romania,Central and Eastern Europe,6.12370014190674,0.0474325641989708,6.21666812896729,6.03073215484619,10.1075839996338,0.825161516666412,67.2072372436523,0.842823207378387,-0.197815209627152,0.934300243854523,1.97231674194336,1.12040162086487,1.19443809986115,0.792294859886169,0.53485232591629,0.0681816190481186,0.000829568831250072,2.41274976730347
Kuwait,Middle East and North Africa,6.1020998954773,0.0532977320253849,6.2065634727478,5.99763631820679,11.0898246765137,0.84647524356842,66.7676467895508,0.872366487979889,-0.100184701383114,0.760849058628082,1.97231674194336,1.42483365535736,1.24477982521057,0.776468932628632,0.570261418819428,0.13275109231472,0.1128149330616,1.84016799926758
Mauritius,Sub-Saharan Africa,6.10129976272583,0.0572264939546585,6.21346378326416,5.9891357421875,9.95678615570068,0.91035783290863,66.4043426513672,0.889534533023834,-0.018318573012948,0.805343091487885,1.97231674194336,1.07366394996643,1.39566683769226,0.763389408588409,0.590838134288788,0.186894550919533,0.0840882286429405,2.00672054290771
Kazakhstan,Commonwealth of Independent States,6.05789995193481,0.0432297848165035,6.14263010025024,5.97316980361939,10.1146583557129,0.934744894504547,64.6099624633789,0.811601936817169,-0.068488635122776,0.764490842819214,1.97231674194336,1.12259423732758,1.45326769351959,0.698788940906525,0.497432142496109,0.153713792562485,0.110463686287403,2.02160263061523
Estonia,Central and Eastern Europe,6.02180004119873,0.0359851941466331,6.09233093261719,5.95126914978027,10.3400173187256,0.934729993343353,68.6049575805664,0.877709150314331,-0.111697770655155,0.623073816299439,1.97231674194336,1.19244122505188,1.45323252677917,0.842615008354187,0.576664805412293,0.125136747956276,0.201766818761826,1.62992811203003
Philippines,Southeast Asia,6.00600004196167,0.0498584024608135,6.10372257232666,5.90827751159668,8.99354553222656,0.846730053424835,61.9267616271973,0.915463447570801,-0.10546300560236,0.733634114265442,1.97231674194336,0.775120675563812,1.24538171291351,0.602189481258392,0.62191516160965,0.129260212182999,0.130385726690292,2.50174188613892
Hungary,Central and Eastern Europe,6.00040006637573,0.039473220705986,6.07776737213135,5.92303276062012,10.2492437362671,0.921934127807617,67.6099700927734,0.718964576721191,-0.194323018193245,0.89291650056839,1.97231674194336,1.16430711746216,1.42300939559937,0.806793868541718,0.386401802301407,0.0704912394285202,0.0275481734424829,2.12184572219849
Thailand,Southeast Asia,5.9987998008728,0.0425962954759598,6.08228874206543,5.91531085968018,9.74179172515869,0.889973223209381,67.2505950927734,0.905063033103943,0.268685191869736,0.886272311210632,1.97231674194336,1.00702929496765,1.34751951694489,0.793855845928192,0.609449803829193,0.376709014177322,0.0318378619849682,1.83238410949707
Argentina,Latin America and Caribbean,5.97469997406006,0.053441759198904,6.07944583892822,5.86995410919189,9.81095504760742,0.900567948818207,68.8038024902344,0.831132411956787,-0.194913864135742,0.842009842395783,1.97231674194336,1.02846562862396,1.37254369258881,0.849773705005646,0.520840346813202,0.0701004713773727,0.0604150593280792,2.07254099845886
Honduras,Latin America and Caribbean,5.95319986343384,0.065731592476368,6.08203363418579,5.82436609268189,8.42453479766846,0.821870148181915,67.1987686157227,0.870603263378143,0.0869691148400307,0.801131904125214,1.97231674194336,0.598763585090637,1.18666410446167,0.791989982128143,0.568148076534271,0.256528198719025,0.0868071019649506,2.46429538726807
Latvia,Central and Eastern Europe,5.94999980926514,0.0348381362855434,6.01828241348267,5.88171720504761,10.1753196716309,0.918288588523865,66.8074645996094,0.671237647533417,-0.186888843774796,0.795580089092255,1.97231674194336,1.14139544963837,1.41439878940582,0.77790242433548,0.329198807477951,0.0754079446196556,0.0903915241360664,2.12128305435181
Ecuador,Latin America and Caribbean,5.92519998550415,0.0528806336224079,6.0288462638855,5.8215537071228,9.24605846405029,0.836418986320496,68.5000381469727,0.859828948974609,-0.127014964818954,0.80121511220932,1.97231674194336,0.853383600711823,1.22102761268616,0.838837742805481,0.555234551429749,0.115006476640701,0.0867533832788467,2.25493383407593
Portugal,Western Europe,5.9109001159668,0.0531581975519657,6.0150899887085,5.8067102432251,10.2637424468994,0.886590719223022,72.4020233154297,0.888747811317444,-0.220714300870895,0.892629504203796,1.97231674194336,1.16880083084106,1.33953034877777,0.979315280914307,0.589895188808441,0.0530369468033314,0.0277334656566381,1.75255870819092
Jamaica,Latin America and Caribbean,5.88980007171631,0.120590433478355,6.12615728378296,5.65344285964966,9.00625038146973,0.915701866149902,67.0999984741211,0.858068525791168,-0.125106766819954,0.888890027999878,1.97231674194336,0.779058396816254,1.40828919410706,0.788434088230133,0.553124606609345,0.116268493235111,0.030147785320878,2.21443653106689
South Korea,East Asia,5.87239980697632,0.0440850146114826,5.95880651473999,5.78599309921265,10.5105667114258,0.799387156963348,73.6027297973633,0.612965106964111,-0.0434040315449238,0.789067447185516,1.97231674194336,1.24530065059662,1.13356053829193,1.02254259586334,0.25935634970665,0.170303866267204,0.0945962816476822,1.94675707817078
Japan,East Asia,5.87080001831055,0.0413916669785976,5.95192766189575,5.78967237472534,10.5796890258789,0.883545935153961,75.0009689331055,0.809961378574371,-0.246910348534584,0.654558062553406,1.97231674194336,1.26672410964966,1.33233869075775,1.07288134098053,0.495465874671936,0.0357117801904678,0.181439638137817,1.4862003326416
Peru,Latin America and Caribbean,5.79680013656616,0.0613112039864063,5.91697025299072,5.6766300201416,9.45631313323975,0.831075251102448,68.1002349853516,0.824766099452972,-0.16238822042942,0.893714964389801,1.97231674194336,0.918549180030823,1.2084059715271,0.824444174766541,0.51321005821228,0.0916118174791336,0.0270326603204012,2.21349954605103
Serbia,Central and Eastern Europe,5.77820014953613,0.0507123246788979,5.87759637832642,5.67880392074585,9.68098068237305,0.881475746631622,68.210205078125,0.726495862007141,-0.0736762210726738,0.843509018421173,1.97231674194336,0.988181829452515,1.32744896411896,0.828403294086456,0.395428419113159,0.150282889604568,0.0594471469521523,2.02904009819031
Bolivia,Latin America and Caribbean,5.74749994277954,0.0506454221904278,5.84676504135132,5.64823484420776,8.85111522674561,0.803108692169189,63.600471496582,0.875873327255249,-0.0916811302304268,0.822606205940247,1.97231674194336,0.730976343154907,1.14235055446625,0.662445664405823,0.574464499950409,0.138375073671341,0.0729426369071007,2.42592859268188
Pakistan,South Asia,5.69329977035522,0.0482162237167358,5.78780364990234,5.59879589080811,8.48272705078125,0.689062297344208,58.2531356811523,0.734833717346191,0.044899869710207,0.745705425739288,1.97231674194336,0.616799473762512,0.872979581356049,0.469933241605759,0.405421733856201,0.228705063462257,0.122592121362686,2.97687673568726
Paraguay,Latin America and Caribbean,5.69210004806519,0.0519578643143177,5.79393768310547,5.5902624130249,9.38998222351074,0.898727893829346,65.6399383544922,0.885923445224762,0.00799771305173636,0.834788501262665,1.97231674194336,0.897990822792053,1.36819756031036,0.735869646072388,0.586510062217712,0.204299241304398,0.0650773793458939,1.83412528038025
Dominican Republic,Latin America and Caribbean,5.68919992446899,0.0698312968015671,5.82606935501099,5.552330493927,9.66488075256348,0.882085382938385,65.807487487793,0.866202771663666,-0.13126328587532,0.75599992275238,1.97231674194336,0.983191847801209,1.32888889312744,0.741901695728302,0.562873899936676,0.112196780741215,0.115945681929588,1.84424686431885
Bosnia and Herzegovina,Central and Eastern Europe,5.67409992218018,0.0463859625160694,5.76501655578613,5.58318328857422,9.45581722259522,0.829204142093658,67.8081359863281,0.65135270357132,0.0982745587825775,0.933769106864929,1.97231674194336,0.918395459651947,1.20398652553558,0.813928186893463,0.305365741252899,0.264005243778229,0.00117248704191297,2.1672420501709
Moldova,Commonwealth of Independent States,5.60750007629395,0.0422755777835846,5.6903600692749,5.52464008331299,8.77671432495117,0.843313574790955,65.0130157470703,0.721609175205231,-0.0377410389482975,0.913314282894135,1.97231674194336,0.707916796207428,1.23731219768524,0.713299453258514,0.389571487903595,0.174049183726311,0.0143787441775203,2.37096834182739
Tajikistan,Commonwealth of Independent States,5.55569982528687,0.0323215760290623,5.61905002593994,5.49234962463379,8.02481079101563,0.835297107696533,64.1045913696289,0.831383407115936,-0.0250885114073753,0.592076063156128,1.97231674194336,0.474874615669251,1.21837770938873,0.680594801902771,0.521141171455383,0.182417124509811,0.22177991271019,2.25650835037231
Montenegro,Central and Eastern Europe,5.54610013961792,0.0489858202636242,5.64211225509644,5.4500880241394,9.75186061859131,0.855314612388611,68.5053482055664,0.649565637111664,-0.0756003558635712,0.783121585845947,1.97231674194336,1.0101500749588,1.26565790176392,0.839028894901276,0.303223848342895,0.149010330438614,0.0984351113438606,1.88056588172913
Russia,Commonwealth of Independent States,5.5460000038147,0.0396096706390381,5.62363481521606,5.46836519241333,10.1288719177246,0.903150737285614,64.100456237793,0.729892611503601,-0.151153743267059,0.864802598953247,1.97231674194336,1.12699961662292,1.37864410877228,0.680445909500122,0.399499595165253,0.0990419164299965,0.0456993617117405,1.81571674346924
Kyrgyzstan,Commonwealth of Independent States,5.54150009155273,0.0436774678528309,5.62710809707642,5.45589208602905,8.14840507507324,0.887228488922119,64.1060104370117,0.909374892711639,0.154772058129311,0.888396084308624,1.97231674194336,0.51318097114563,1.34103667736053,0.680645883083344,0.614617764949799,0.301370739936829,0.030466690659523,2.06020665168762
Belarus,Commonwealth of Independent States,5.53989982604981,0.0370600372552872,5.6125373840332,5.46726226806641,9.77994537353516,0.906747460365295,66.1043319702148,0.639163076877594,-0.164926543831825,0.635711669921875,1.97231674194336,1.01885449886322,1.38713932037354,0.75258857011795,0.290755867958069,0.0899330601096153,0.193607434630394,1.80699110031128
North Cyprus,Western Europe,5.53550004959106,0.0510372407734394,5.63553285598755,5.43546724319458,10.4057025909424,0.820356607437134,73.7022247314453,0.795293509960175,0.000227158525376581,0.626115679740906,1.97231674194336,1.21279942989349,1.18308913707733,1.02612459659576,0.477885723114014,0.199160054326057,0.199802905321121,1.23668766021729
Greece,Western Europe,5.5149998664856,0.0469318330287933,5.6069860458374,5.42301368713379,10.1323261260986,0.814380347728729,72.4052581787109,0.541345119476318,-0.300907373428345,0.859931409358978,1.97231674194336,1.12807011604309,1.16897356510162,0.979431748390198,0.173516348004341,0,0.0488443523645401,2.01617908477783
Hong Kong S.A.R. of China,East Asia,5.51039981842041,0.0460190288722515,5.60059690475464,5.42020273208618,10.9346714019775,0.845969080924988,76.7717056274414,0.779833793640137,0.134979903697968,0.420607209205627,1.97231674194336,1.37674605846405,1.24358427524567,1.13663065433502,0.459356516599655,0.28828090429306,0.332485437393188,0.673293113708496
Croatia,Central and Eastern Europe,5.50470018386841,0.037783645093441,5.57875633239746,5.43064403533936,10.0708751678467,0.874623715877533,70.2149047851563,0.714838802814484,-0.128538325428963,0.916495263576508,1.97231674194336,1.10902428627014,1.31126487255096,0.900575578212738,0.381456881761551,0.113998979330063,0.0123250056058168,1.67602920532227
Libya,Middle East and North Africa,5.48880004882813,0.0606772042810917,5.60772752761841,5.36987257003784,9.78981590270996,0.825942933559418,62.2999992370606,0.773157000541687,-0.085054486989975,0.668779134750366,1.97231674194336,1.02191376686096,1.19628369808197,0.615626633167267,0.451354056596756,0.142757698893547,0.172258079051971,1.88856315612793
Mongolia,East Asia,5.45620012283325,0.0403132364153862,5.53521394729614,5.37718629837036,9.41218662261963,0.937142491340637,62.3044853210449,0.693351328372955,0.0980938673019409,0.863511204719543,1.97231674194336,0.90487277507782,1.45893061161041,0.615788161754608,0.355703115463257,0.263885736465454,0.0465331263840199,1.81052756309509
Malaysia,Southeast Asia,5.38430023193359,0.0488026961684227,5.47995328903198,5.28864717483521,10.2625188827515,0.816509425640106,67.1021575927734,0.89462685585022,0.114726796746254,0.83930230140686,1.97231674194336,1.168421626091,1.17400228977203,0.788511872291565,0.596941530704498,0.274886161088943,0.062163133174181,1.31942081451416
Vietnam,Southeast Asia,5.35349988937378,0.0338007621467113,5.41974925994873,5.28725051879883,8.80954551696777,0.849987149238586,67.9527359008789,0.939592957496643,-0.0945333316922188,0.796421229839325,1.97231674194336,0.718092381954193,1.25307476520538,0.819133996963501,0.650835573673248,0.136488720774651,0.0898484587669373,1.68597793579102
Indonesia,Southeast Asia,5.28560018539429,0.0476923808455467,5.3790774345398,5.19212293624878,9.36975193023682,0.808379888534546,62.1558494567871,0.870614409446716,0.519586503505707,0.876296401023865,1.97231674194336,0.891720712184906,1.15480089187622,0.610437035560608,0.568161427974701,0.542646527290344,0.0382786132395267,1.47957348823547
Ivory Coast,Sub-Saharan Africa,5.23330020904541,0.073095515370369,5.37656736373901,5.09003305435181,8.22556114196777,0.658048689365387,49.5037727355957,0.727909326553345,-0.0439911559224129,0.790771961212158,1.97231674194336,0.537094414234161,0.799727261066437,0.154942512512207,0.397122532129288,0.169915586709976,0.0934957936406136,3.08102250099182
Benin,Sub-Saharan Africa,5.21600008010864,0.0777592435479164,5.368408203125,5.06359195709229,7.67431974411011,0.468671143054962,54.3124656677246,0.735182583332062,-0.00353721273131669,0.740532577037811,1.97231674194336,0.366244703531265,0.352428436279297,0.328062951564789,0.405839890241623,0.196670427918434,0.12593187391758,3.44080972671509
Maldives,South Asia,5.1975998878479,0.0719854012131691,5.33869123458862,5.05650854110718,9.51863288879395,0.913160920143127,70.5999984741211,0.853962779045105,0.0380854979157448,0.824211061000824,1.97231674194336,0.937864303588867,1.40228760242462,0.914439558982849,0.548203647136688,0.224198251962662,0.0719064921140671,1.09867477416992
Congo (Brazzaville),Sub-Saharan Africa,5.1943998336792,0.0770289674401283,5.34537649154663,5.04342317581177,8.5369873046875,0.640228092670441,57.9244804382324,0.719058513641357,-0.123674094676971,0.751779079437256,1.97231674194336,0.633616745471954,0.75763601064682,0.458101123571396,0.386514395475388,0.117216013371944,0.118670783936977,2.72261953353882
Azerbaijan,Commonwealth of Independent States,5.16480016708374,0.0341972410678864,5.23182678222656,5.09777355194092,9.68772697448731,0.819308280944824,65.5083999633789,0.786824107170105,-0.240255281329155,0.552537560462952,1.97231674194336,0.990272700786591,1.18061304092407,0.731134057044983,0.467734724283218,0.0401132144033909,0.247307181358337,1.50763297080994
Macedonia,Central and Eastern Europe,5.15980005264282,0.0467615351080895,5.25145244598389,5.06814765930176,9.51059150695801,0.820392310619354,67.5044250488281,0.738840937614441,-0.0198774505406618,0.897490501403809,1.97231674194336,0.935371994972229,1.18317353725433,0.802994132041931,0.410224586725235,0.18586353957653,0.0245950594544411,1.61759495735168
Ghana,Sub-Saharan Africa,5.14799976348877,0.0586346089839935,5.26292371749878,5.03307580947876,8.35064506530762,0.728601098060608,57.203987121582,0.794796526432037,0.0941708534955978,0.847964763641357,1.97231674194336,0.575862467288971,0.966367959976196,0.432162255048752,0.477290064096451,0.261291205883026,0.0565703809261322,2.37843728065491
Nepal,South Asia,5.13719987869263,0.0576920844614506,5.25027656555176,5.0241231918335,7.92535734176636,0.785512447357178,63.7791786193848,0.797565042972565,0.154168829321861,0.738099157810211,1.97231674194336,0.444050371646881,1.10078930854797,0.668879389762878,0.480608254671097,0.300971806049347,0.127502962946892,2.01438689231873
Turkey,Middle East and North Africa,5.13180017471314,0.0398384593427181,5.20988368988037,5.0537166595459,10.1294193267822,0.826313555240631,66.9028167724609,0.608830451965332,-0.171046435832977,0.748197376728058,1.97231674194336,1.12716925144196,1.19715917110443,0.781335294246674,0.254400759935379,0.0858855694532394,0.120983242988586,1.56481671333313
China,East Asia,5.12389993667603,0.0259016640484333,5.17466735839844,5.07313251495361,9.68856811523438,0.79876059293747,69.289192199707,0.898517906665802,-0.181425750255585,0.753971099853516,1.97231674194336,0.990533411502838,1.13208067417145,0.86724853515625,0.601605117321014,0.079021044075489,0.117255553603172,1.33618187904358
Turkmenistan,Commonwealth of Independent States,5.11910009384155,0.0293798167258501,5.17668437957764,5.06151580810547,9.74803256988525,0.958966195583344,62.2117080688477,0.826457023620606,0.187671542167664,0.883691847324371,1.97231674194336,1.0089635848999,1.51047694683075,0.612448036670685,0.515236675739288,0.323129326105118,0.0335038900375366,1.11533737182617
Bulgaria,Central and Eastern Europe,5.10150003433228,0.0442211702466011,5.18817329406738,5.01482677459717,9.86931896209717,0.937840342521668,66.8039779663086,0.745178163051605,-0.143908441066742,0.935585141181946,1.97231674194336,1.04655468463898,1.46057891845703,0.777776896953583,0.417820066213608,0.103833712637424,0,1.29496145248413
Morocco,Middle East and North Africa,5.09479999542236,0.0556504502892494,5.20387506484985,4.98572492599487,8.9403133392334,0.592628479003906,65.896240234375,0.772072434425354,-0.240377247333527,0.815724611282349,1.97231674194336,0.758622109889984,0.645208477973938,0.745096921920776,0.45005413889885,0.0400325506925583,0.0773856043815613,2.37840247154236
Cameroon,Sub-Saharan Africa,5.08489990234375,0.0672960728406906,5.21680021286011,4.95299959182739,8.11864757537842,0.70038640499115,52.7049407958984,0.763051807880402,-0.00149645039346069,0.851336598396301,1.97231674194336,0.50395804643631,0.899726450443268,0.270189553499222,0.439242482185364,0.198020100593567,0.0543934218585491,2.71937084197998
Venezuela,Latin America and Caribbean,5.05319976806641,0.0642805099487305,5.17918968200684,4.92720985412598,8.97779369354248,0.890408158302307,66.5053405761719,0.623278319835663,-0.169090509414673,0.837038397789001,1.97231674194336,0.770238637924194,1.34854686260223,0.767025530338287,0.271717220544815,0.0871791541576386,0.0636247768998146,1.74484086036682
Algeria,Middle East and North Africa,5.00509977340698,0.0442360080778599,5.09180212020874,4.91839742660522,9.53796482086182,0.803385138511658,65.9051742553711,0.466610908508301,-0.121105164289474,0.735485136508942,1.97231674194336,0.943856000900269,1.14300358295441,0.745418548583984,0.0839437991380692,0.118915013968945,0.129190653562546,1.84081172943115
Senegal,Sub-Saharan Africa,4.98080015182495,0.0527690798044205,5.08422756195068,4.87737274169922,8.11898231506348,0.723616003990173,59.5991516113281,0.690596163272858,-0.0523351542651653,0.808785140514374,1.97231674194336,0.504061818122864,0.954593420028687,0.518391907215118,0.352400898933411,0.16439713537693,0.0818659365177155,2.4051239490509
Guinea,Sub-Saharan Africa,4.94929981231689,0.0730422288179398,5.09246253967285,4.80613708496094,7.75099039077759,0.637573480606079,54.4678001403809,0.70684677362442,0.0763284713029861,0.761794447898865,1.97231674194336,0.390007734298706,0.751365959644318,0.33365523815155,0.371878057718277,0.249490842223167,0.112204559147358,2.74072980880737
Niger,Sub-Saharan Africa,4.90959978103638,0.0772082805633545,5.0609278678894,4.75827169418335,6.84216690063477,0.617435038089752,53.5000953674316,0.759772121906281,0.0138608170673251,0.7225301861763,1.97231674194336,0.108330331742764,0.703800141811371,0.298816353082657,0.435311615467072,0.208176895976067,0.13755476474762,3.0176305770874
Laos,Southeast Asia,4.88859987258911,0.0402686148881912,4.96752643585205,4.80967330932617,8.79858016967773,0.737502217292786,58.7099227905273,0.907213568687439,0.111371479928494,0.634679317474365,1.97231674194336,0.71469384431839,0.987391889095306,0.486378282308579,0.612027287483215,0.272667109966278,0.194273963570595,1.62115263938904
Albania,Central and Eastern Europe,4.88269996643066,0.0561157315969467,4.99268674850464,4.77271318435669,9.41793060302734,0.671070456504822,68.708137512207,0.781994223594666,-0.0423094891011715,0.896303713321686,1.97231674194336,0.906653046607971,0.830483913421631,0.846329629421234,0.46194589138031,0.171027764678001,0.0253612846136093,1.64089703559876
Cambodia,Southeast Asia,4.8484001159668,0.0580068714916706,4.96209335327148,4.73470687866211,8.24989032745361,0.77308064699173,61.5299682617188,0.959704637527466,0.0519111789762974,0.822769045829773,1.97231674194336,0.544634938240051,1.07142603397369,0.587904334068298,0.674940347671509,0.233342081308365,0.0728375017642975,1.66330003738403
Bangladesh,South Asia,4.83279991149902,0.0401241928339005,4.91144323348999,4.75415658950806,8.28706359863281,0.687292993068695,64.5030670166016,0.900624990463257,-0.0336647257208824,0.661843538284302,1.97231674194336,0.556156277656555,0.868800580501556,0.694940507411957,0.604130566120148,0.176745116710663,0.176735907793045,1.75526189804077
Gabon,Sub-Saharan Africa,4.82929992675781,0.0602682419121265,4.94742584228516,4.71117401123047,9.68053722381592,0.78788685798645,59.7153396606445,0.704829216003418,-0.222261622548103,0.849150955677033,1.97231674194336,0.988044381141663,1.10639750957489,0.522574841976166,0.369459897279739,0.0520136021077633,0.0558045394718647,1.735027551651
South Africa,Sub-Saharan Africa,4.81409978866577,0.0600235909223557,4.93174600601196,4.69645357131958,9.40337085723877,0.852532267570496,56.5060119628906,0.759330093860626,-0.109777323901653,0.843423843383789,1.97231674194336,0.902140438556671,1.25908625125885,0.407034069299698,0.434781819581986,0.126406848430634,0.0595021396875382,1.62511730194092
Iraq,Middle East and North Africa,4.78480005264282,0.0777918770909309,4.93727207183838,4.63232803344727,9.66109561920166,0.747694969177246,59.9035491943359,0.633182644844055,-0.0695647597312927,0.822261810302734,1.97231674194336,0.982018709182739,1.0114666223526,0.529350697994232,0.283588051795959,0.153002068400383,0.0731649920344353,1.75217366218567
Lebanon,Middle East and North Africa,4.77150011062622,0.0437539853155613,4.85725784301758,4.68574237823486,9.36172389984131,0.824338138103485,67.1065826416016,0.551357507705689,-0.0612152703106403,0.90225625038147,1.97231674194336,0.889232516288757,1.19249331951141,0.788671135902405,0.18551667034626,0.158524140715599,0.0215181466192007,1.53554224967957
Burkina Faso,Sub-Saharan Africa,4.76870012283325,0.0620672665536404,4.89035177230835,4.64704847335815,7.46854496002197,0.712943613529205,53.8894538879395,0.665563583374023,-0.0190805159509182,0.739795029163361,1.97231674194336,0.30246764421463,0.929385900497437,0.312833875417709,0.322398155927658,0.186390608549118,0.12640805542469,2.58882641792297
Gambia,Sub-Saharan Africa,4.75059986114502,0.0671636536717415,4.88224077224731,4.61895895004272,7.32181453704834,0.693168699741364,55.0120162963867,0.733163177967072,0.343198716640472,0.690717816352844,1.97231674194336,0.256990551948547,0.882678687572479,0.353247880935669,0.403419524431229,0.42598968744278,0.158093795180321,2.27021646499634
Mali,Sub-Saharan Africa,4.72930002212524,0.0643627643585205,4.85545110702515,4.60314893722534,7.62985229492188,0.731468975543976,51.7269821166992,0.711566150188446,-0.0443669259548187,0.839328408241272,1.97231674194336,0.352462649345398,0.973141729831696,0.234981521964073,0.377534449100494,0.169667050242424,0.0621462762355804,2.55933523178101
Nigeria,Sub-Saharan Africa,4.72410011291504,0.052116259932518,4.82624816894531,4.62195205688477,8.57662487030029,0.737216889858246,49.8619079589844,0.759578406810761,0.0337458066642284,0.861874341964722,1.97231674194336,0.64590185880661,0.986717939376831,0.167835935950279,0.435079455375671,0.221328124403954,0.047589935362339,2.21963548660278
Armenia,Commonwealth of Independent States,4.67679977416992,0.0585953556001186,4.7916464805603,4.56195306777954,9.10047626495361,0.757479429244995,66.7506561279297,0.712017834186554,-0.138779610395432,0.773544788360596,1.97231674194336,0.808262407779694,1.03457689285278,0.775857269763947,0.378075808286667,0.107225738465786,0.104618184268475,1.46816158294678
Georgia,Commonwealth of Independent States,4.67259979248047,0.0434174127876759,4.75769805908203,4.58750152587891,9.22610092163086,0.629033029079437,64.4952087402344,0.801641523838043,-0.228920370340347,0.665944695472717,1.97231674194336,0.847198069095612,0.731193900108337,0.694657623767853,0.48549410700798,0.0476097352802753,0.174088075757027,1.69239830970764
Iran,Middle East and North Africa,4.67239999771118,0.0558780208230019,4.78192090988159,4.56287908554077,9.81371974945068,0.694689691066742,66.0061492919922,0.647873282432556,0.117891103029251,0.714635968208313,1.97231674194336,1.02932250499725,0.886271178722382,0.749053835868835,0.301195472478867,0.276978939771652,0.14265151321888,1.28696942329407
Jordan,Middle East and North Africa,4.63339996337891,0.058751218020916,4.7485523223877,4.51824760437012,9.02599906921387,0.80216372013092,66.7997512817383,0.751047790050507,-0.16256520152092,0.700344324111939,1.97231674194336,0.785179197788239,1.14011859893799,0.777624726295471,0.424855083227158,0.0914947688579559,0.151878625154495,1.26225805282593
Mozambique,Sub-Saharan Africa,4.62360000610352,0.0792840868234634,4.77899694442749,4.46820306777954,7.06934595108032,0.723874032497406,54.2058219909668,0.864451885223389,0.0323758684098721,0.68301910161972,1.97231674194336,0.178741365671158,0.955202877521515,0.324223637580872,0.560775339603424,0.220422104001045,0.163064315915108,2.22121620178223
Kenya,Sub-Saharan Africa,4.58300018310547,0.0678049847483635,4.71589803695679,4.45010232925415,8.02977561950684,0.702652037143707,60.0969314575195,0.829747557640076,0.294681519269943,0.83149915933609,1.97231674194336,0.476413398981094,0.905077755451202,0.536312758922577,0.519180536270142,0.393902093172073,0.0672010779380798,1.6849045753479
Namibia,Sub-Saharan Africa,4.57110023498535,0.0609834752976894,4.69062805175781,4.45157241821289,9.20314121246338,0.846880972385407,56.5014877319336,0.76752096414566,-0.185306459665298,0.85144978761673,1.97231674194336,0.840081989765167,1.24573814868927,0.406871169805527,0.444598972797394,0.0764544829726219,0.0543203428387642,1.50303316116333
Ukraine,Commonwealth of Independent States,4.56069993972778,0.0496838949620724,4.65808057785034,4.46331930160522,9.01069068908691,0.878879368305206,64.6067810058594,0.663081884384155,-0.0309337060898542,0.920636713504791,1.97231674194336,0.780434608459473,1.3213164806366,0.698674380779266,0.319423705339432,0.178551316261292,0.00965115986764431,1.25266933441162
Liberia,Sub-Saharan Africa,4.55789995193481,0.0819563567638397,4.71853446960449,4.39726543426514,7.05438041687012,0.709280550479889,56.0963134765625,0.735268712043762,0.0422732196748257,0.856375932693481,1.97231674194336,0.174103006720543,0.92073392868042,0.392284274101257,0.405943095684052,0.226967871189117,0.0511398762464523,2.38675785064697
Palestinian Territories,Middle East and North Africa,4.55280017852783,0.0558748170733452,4.66231489181519,4.44328546524048,8.38922309875488,0.825295925140381,62.25,0.645791828632355,-0.162079095840454,0.824199974536896,1.97231674194336,0.587819218635559,1.19475555419922,0.61382657289505,0.298700749874115,0.0918162614107132,0.0719136521220207,1.6939857006073
Uganda,Sub-Saharan Africa,4.43200016021729,0.0684954524040222,4.56625127792358,4.29774904251099,7.50038957595825,0.764994621276856,55.7082023620606,0.731713950634003,0.0994874313473702,0.836737811565399,1.97231674194336,0.312337428331375,1.05232739448547,0.378311663866043,0.401682555675507,0.264807373285294,0.0638188421726227,1.95867109298706
Chad,Sub-Saharan Africa,4.42269992828369,0.0752313211560249,4.57015323638916,4.27524662017822,7.46796369552612,0.632388055324554,48.2205390930176,0.587305247783661,0.0178347192704678,0.80276083946228,1.97231674194336,0.302287489175796,0.739118278026581,0.108744099736214,0.228601768612862,0.210805088281631,0.0857554078102112,2.74742650985718
Tunisia,Middle East and North Africa,4.39219999313355,0.0496705323457718,4.4895544052124,4.29484558105469,9.31497287750244,0.688718557357788,66.8978576660156,0.593361556529999,-0.21641381084919,0.867590248584747,1.97231674194336,0.874742686748505,0.872167706489563,0.781156718730927,0.235860556364059,0.055881142616272,0.0438995733857155,1.52849674224854
Mauritania,Sub-Saharan Africa,4.37459993362427,0.055093340575695,4.48258304595947,4.26661682128906,8.23391914367676,0.790819227695465,57.0101776123047,0.551522552967072,-0.106008142232895,0.746223509311676,1.97231674194336,0.539684891700745,1.11332356929779,0.425184816122055,0.185714483261108,0.128899663686752,0.122257634997368,1.85955739021301
Sri Lanka,South Asia,4.3270001411438,0.0530855245888233,4.43104791641235,4.22295236587524,9.38996982574463,0.825374066829681,67.200065612793,0.837633669376373,0.0811296179890633,0.859001755714417,1.97231674194336,0.897986948490143,1.19494009017944,0.792036712169647,0.528632462024689,0.252666145563126,0.0494445636868477,0.611288547515869
Congo (Kinshasa),Sub-Saharan Africa,4.31099987030029,0.108998231589794,4.52463626861572,4.09736347198486,6.69425630569458,0.672159016132355,52.9000015258789,0.700793564319611,0.0836376547813416,0.809403598308563,1.97231674194336,0.062487468123436,0.833055019378662,0.277212053537369,0.364622980356216,0.25432488322258,0.0814666450023651,2.43786430358887
Swaziland,Sub-Saharan Africa,4.30810022354126,0.0714519396424294,4.44814586639404,4.16805458068848,9.16267395019531,0.770290195941925,51.1882362365723,0.646822273731232,-0.199201419949532,0.708263337612152,1.97231674194336,0.82753974199295,1.06483519077301,0.215585827827454,0.299935787916183,0.0672648325562477,0.146765872836113,1.68620729446411
Myanmar,Southeast Asia,4.30800008773804,0.0429492145776749,4.39218044281006,4.22381973266602,8.68048191070557,0.784407019615173,58.9617118835449,0.89507520198822,0.560663998126984,0.645124316215515,1.97231674194336,0.678090929985046,1.09817826747894,0.495443075895309,0.597478866577148,0.56981372833252,0.187530353665352,0.681462526321411
Comoros,Sub-Saharan Africa,4.28859996795654,0.0843401923775673,4.4539065361023,4.12329339981079,7.83363008499146,0.625662446022034,57.3490104675293,0.547612607479095,0.090008407831192,0.780622601509094,1.97231674194336,0.415620774030685,0.723232805728912,0.437383323907852,0.181028231978416,0.258538275957108,0.100048534572124,2.17276906967163
Togo,Sub-Saharan Africa,4.18720006942749,0.0625067725777626,4.30971336364746,4.06468677520752,7.35771131515503,0.551312625408173,54.719898223877,0.649828612804413,0.00266787456348538,0.757733464241028,1.97231674194336,0.268116265535355,0.547622859477997,0.342731177806854,0.303539037704468,0.200774252414703,0.114826455712318,2.40959525108337
Ethiopia,Sub-Saharan Africa,4.18620014190674,0.0389150939881802,4.26247358322144,4.10992670059204,7.50938558578491,0.74330735206604,58.639591217041,0.740795195102692,0.0433773323893547,0.753690004348755,1.97231674194336,0.315125644207001,1.00110328197479,0.483846247196198,0.412566870450974,0.227698102593422,0.117437034845352,1.62845921516418
Madagascar,Sub-Saharan Africa,4.16559982299805,0.0575421042740345,4.27838230133057,4.05281734466553,7.2816858291626,0.668195903301239,59.1054267883301,0.557574093341827,-0.0118236392736435,0.817485630512238,1.97231674194336,0.244553208351135,0.823694348335266,0.500617027282715,0.192967548966408,0.1911900639534,0.0762486383318901,2.13629841804504
Egypt,Middle East and North Africa,4.15140008926392,0.0359794236719608,4.22191953659058,4.08088064193726,9.31654167175293,0.735447824001312,61.7801513671875,0.70835417509079,-0.19687831401825,0.787726879119873,1.97231674194336,0.875228941440582,0.982539534568787,0.596911311149597,0.373684734106064,0.0688012540340424,0.095461793243885,1.15881824493408
Sierra Leone,Sub-Saharan Africa,3.92639994621277,0.0611507892608643,4.04625558853149,3.80654430389404,7.26880311965942,0.636142015457153,50.8651428222656,0.715315043926239,0.0886607468128204,0.861330687999725,1.97231674194336,0.240560382604599,0.747984945774078,0.203953966498375,0.382027685642242,0.257647007703781,0.0479409359395504,2.04627180099487
Burundi,Sub-Saharan Africa,3.77530002593994,0.107122384011745,3.98526000976562,3.56534004211426,6.49264240264893,0.490325719118118,53.4000015258789,0.626350224018097,-0.0175515972077847,0.606934547424316,1.97231674194336,0,0.403575271368027,0.295212835073471,0.275399059057236,0.187401786446571,0.212186828255653,2.40150737762451
Zambia,Sub-Saharan Africa,3.75939989089966,0.0606766901910305,3.87832617759705,3.64047360420227,8.2247200012207,0.698824465274811,55.2993774414063,0.806500256061554,0.0780371278524399,0.801289677619934,1.97231674194336,0.536833763122559,0.89603728055954,0.363593339920044,0.491317540407181,0.250620901584625,0.0867052376270294,1.13433933258057
Haiti,Latin America and Caribbean,3.72079992294312,0.101463004946709,3.9196674823761,3.52193236351013,7.41132926940918,0.593247830867767,55.5986251831055,0.537825167179108,0.400534570217133,0.684767246246338,1.97231674194336,0.284734427928925,0.64667135477066,0.374366730451584,0.169297516345978,0.463909655809402,0.161935672163963,1.61991691589355
Lesotho,Sub-Saharan Africa,3.6528000831604,0.0821209847927094,3.8137571811676,3.4918429851532,7.96048831939697,0.780495703220367,48.0036239624023,0.738125860691071,-0.145732045173645,0.857392072677612,1.97231674194336,0.454938739538193,1.08894002437592,0.100934810936451,0.40936753153801,0.102627642452717,0.0504838228225708,1.44551396369934
India,South Asia,3.57329988479614,0.027702234685421,3.62759637832642,3.51900339126587,8.84982395172119,0.592200934886932,60.2151870727539,0.881444871425629,0.0575516074895859,0.772042691707611,1.97231674194336,0.730576157569885,0.644198656082153,0.540570139884949,0.581142246723175,0.237072482705116,0.105587981641293,0.734130859375
Malawi,Sub-Saharan Africa,3.53800010681152,0.0702605172991753,3.67571067810059,3.40028953552246,7.06222629547119,0.544007301330566,57.592887878418,0.803223192691803,0.0214332789182663,0.731700778007507,1.97231674194336,0.176534727215767,0.530368089675903,0.446163296699524,0.487389832735062,0.213185057044029,0.131633952260017,1.55271828174591
Yemen,Middle East and North Africa,3.52740001678467,0.0541580840945244,3.63354992866516,3.42125010490417,7.75968265533447,0.817980587482452,56.7272834777832,0.599920272827148,-0.15773543715477,0.80028772354126,1.97231674194336,0.392701774835587,1.17747712135315,0.415000170469284,0.243721485137939,0.0946890115737915,0.0873521268367767,1.11647272109985
Botswana,Sub-Saharan Africa,3.47889995574951,0.0605426914989948,3.59756374359131,3.36023616790771,9.71120357513428,0.77912175655365,58.9244537353516,0.821328103542328,-0.250394493341446,0.777930915355682,1.97231674194336,0.997548997402191,1.08569478988647,0.494101732969284,0.509089410305023,0.033407486975193,0.101786367595196,0.257240533828735
Tanzania,Sub-Saharan Africa,3.47620010375977,0.0632097497582436,3.60009121894836,3.35230898857117,7.96766519546509,0.688933193683624,57.4960746765137,0.821539759635925,0.10966868698597,0.619799435138702,1.97231674194336,0.457163125276566,0.872674643993378,0.442677855491638,0.509343087673187,0.271540910005569,0.203880861401558,0.718963384628296
Central African Republic,Sub-Saharan Africa,3.47589993476868,0.11518295109272,3.70165848731995,3.25014138221741,6.62516021728516,0.319459855556488,45.2000007629395,0.640880644321442,0.0824103578925133,0.891806662082672,1.97231674194336,0.0410720817744732,0,0,0.292814463376999,0.253513216972351,0.0282647181302309,2.8601975440979
Rwanda,Sub-Saharan Africa,3.31229996681213,0.0524252094328404,3.41505336761475,3.20954656600952,7.60010433197022,0.540835440158844,61.0988464355469,0.900589406490326,0.05548395216465,0.183541178703308,1.97231674194336,0.343242675065994,0.52287632226944,0.572383284568787,0.604087889194489,0.235704988241196,0.485542476177216,0.548444986343384
Zimbabwe,Sub-Saharan Africa,3.2992000579834,0.0586744621396065,3.41420197486877,3.18419814109802,7.86571168899536,0.763092756271362,55.6172599792481,0.711457908153534,-0.0720639526844025,0.810236990451813,1.97231674194336,0.425564020872116,1.04783523082733,0.375037610530853,0.377404719591141,0.151349186897278,0.0809285789728165,0.841031074523926
South Sudan,Sub-Saharan Africa,2.81660008430481,0.107610404491425,3.02751636505127,2.60568380355835,7.42535972595215,0.553707122802734,51,0.451313614845276,0.0165185481309891,0.763417303562164,1.97231674194336,0.28908297419548,0.553278505802155,0.208809033036232,0.0656092539429665,0.20993460714817,0.111156798899174,1.37875127792358
Afghanistan,South Asia,2.56690001487732,0.0313114263117313,2.62827038764954,2.5055296421051,7.46286058425903,0.470366954803467,52.5900001525879,0.396573007106781,-0.0964294001460075,0.933686554431915,1.97231674194336,0.300705850124359,0.356433838605881,0.266051530838013,0,0.135234713554382,0.00122578535228968,1.50723564624786
