Participant_ID,Age,Geographic_Region,Pumpkin_Spice_Rating,Favorite_Season,Number_Cups_Coffee_Per_Week
1,19,West,9,Fall,16
2,22,Southwest,8,Fall,20
3,21,Northeast,10,Winter,19
4,25,Southeast,6,Spring,11
5,20,Midwest,9,Fall,18
6,28,West,10,Winter,22
7,24,West,7,Spring,15
8,31,Midwest,8,Fall,21
9,23,Southeast,6,Summer,13
10,27,Southwest,9,Winter,23
11,18,West,5,Spring,12
12,29,Northeast,8,Fall,20
13,22,West,9,Winter,18
14,26,Northeast,7,Summer,16
15,20,Midwest,10,Fall,21
16,34,West,8,Winter,25
17,30,Northeast,6,Spring,17
18,21,Northeast,7,Summer,15
19,24,West,9,Fall,23
20,32,Southwest,10,Winter,24
21,19,Southeast,5,Summer,12
22,27,West,9,Spring,22
23,25,Southeast,8,Fall,21
24,23,Southeast,7,Winter,18
25,36,Northeast,10,Spring,26
26,22,West,6,Summer,14
27,29,West,9,Fall,24
28,20,Southwest,8,Winter,18
29,33,Midwest,7,Spring,23
30,26,West,10,Fall,25
31,21,Northeast,9,Winter,21
32,28,Southeast,6,Summer,16
33,24,West,10,Fall,22
34,35,Midwest,8,Winter,27
35,19,Southwest,4,Spring,13
36,27,Southwest,9,Fall,23
37,30,West,6,Summer,18
38,23,Northeast,8,Winter,20
39,26,Southeast,7,Spring,18
40,31,West,9,Fall,25
41,22,West,10,Winter,20
42,25,West,7,Summer,17
43,29,Northeast,9,Fall,26
44,20,Southeast,5,Spring,13
45,37,Southwest,10,Winter,28
46,24,West,8,Summer,19
47,28,West,9,Fall,24
48,21,Midwest,7,Winter,21
49,33,Northeast,10,Spring,25
50,26,West,8,Fall,27
51,23,Southwest,6,Summer,16
52,30,Northeast,9,Winter,25
53,19,West,5,Spring,12
54,27,Southeast,10,Fall,24
55,34,West,8,Winter,26
56,25,West,7,Summer,17
57,22,Northeast,9,Fall,23
58,29,Southwest,8,Winter,22
59,20,West,5,Spring,14
60,32,West,10,Fall,25
61,24,Northeast,9,Winter,20
62,27,Midwest,7,Summer,17
63,21,Southeast,8,Fall,22
64,36,West,10,Winter,29
65,23,Southwest,6,Spring,14
66,28,Northeast,8,Summer,20
67,20,West,9,Fall,20
68,31,Southeast,8,Winter,24
69,26,West,7,Spring,19
70,22,Southwest,6,Summer,16
71,29,West,10,Fall,25
72,25,Northeast,8,Winter,21
73,33,Southwest,9,Spring,27
74,19,Southeast,5,Summer,13
75,27,West,9,Fall,24
76,30,Midwest,8,Winter,26
77,24,Northeast,7,Spring,20
78,35,West,8,Summer,28
79,21,Southwest,9,Fall,21
80,28,West,7,Winter,23
81,23,West,6,Summer,13
82,26,Southeast,10,Fall,26
83,32,Northeast,9,Winter,27
84,20,West,5,Spring,13
85,29,Southwest,10,Fall,25
86,24,West,7,Winter,20
87,31,West,8,Summer,23
88,22,Northeast,9,Fall,22
89,27,Midwest,8,Winter,24
90,19,Southeast,6,Spring,14
91,34,West,10,Fall,28
92,25,Southwest,8,Winter,23
93,28,Northeast,7,Summer,19
94,21,West,9,Fall,21
95,30,Southeast,8,Winter,25
96,23,West,5,Spring,15
97,36,Southwest,10,Fall,30
98,26,West,7,Winter,22
99,20,Northeast,9,Summer,14
100,29,West,8,Fall,26
101,20,West,10,Fall,24
102,24,Southwest,8,Fall,22
103,22,Northeast,9,Winter,21
104,27,Southeast,7,Fall,23
105,19,Midwest,10,Fall,25
106,31,West,8,Winter,24
107,25,West,7,Spring,19
108,29,Midwest,9,Fall,26
109,21,Southeast,10,Fall,24
110,26,Southwest,8,Winter,23
111,18,West,5,Spring,14
112,30,Northeast,9,Winter,22
113,23,West,10,Fall,25
114,28,Northeast,7,Summer,19
115,20,Midwest,9,Fall,26
116,34,West,8,Winter,27
117,32,Northeast,10,Fall,24
118,21,Northeast,7,Summer,17
119,24,West,9,Fall,26
120,35,Southwest,10,Winter,25
121,19,Southeast,5,Summer,13
122,27,West,9,Spring,24
123,25,Southeast,8,Fall,25
124,23,Southeast,7,Winter,21
125,36,Northeast,10,Spring,27
126,22,West,6,Summer,16
127,29,West,9,Fall,27
128,20,Southwest,8,Winter,20
129,33,Midwest,7,Spring,24
130,26,West,10,Fall,28
131,21,Northeast,9,Winter,22
132,28,Southeast,6,Summer,17
133,24,West,10,Fall,25
134,35,Midwest,8,Winter,29
135,19,Southwest,4,Spring,14
136,27,Southwest,9,Fall,26
137,30,West,6,Summer,19
138,23,Northeast,8,Winter,22
139,26,Southeast,7,Spring,20
140,31,West,9,Fall,27
141,22,West,10,Winter,23
142,25,West,7,Summer,18
143,29,Northeast,9,Fall,28
144,20,Southeast,5,Spring,15
145,37,Southwest,10,Winter,30
146,24,West,8,Summer,20
147,28,West,9,Fall,27
148,21,Midwest,7,Winter,23
149,33,Northeast,10,Spring,27
150,26,West,8,Fall,29